"year","age","Estimate","Low","High"
"1969","1",114358.697123142,38210.6100378534,342258.644778163
"1969","2",890128.739549759,364948.67478013,2171070.14691805
"1969","3",297964.399977535,139642.632927178,635785.660818007
"1969","4",38977.9093707733,18076.260827584,84048.2129245349
"1969","5",12222.0338777412,5509.49786399937,27112.8360144639
"1969","6",12598.3174292266,5468.61008827831,29023.3897618257
"1969","7",26011.4459663995,8461.68226859888,79959.906291182
"1969","8",14065.956506971,3703.04486776681,53429.3100735009
"1969","9",5583.39288104595,870.210111905599,35823.8494791203
"1969","10",116691.013393686,55664.6731589383,244621.8011191
"1970","1",208522.341921392,81952.3830113702,530571.113159079
"1970","2",79247.2643622248,33217.5849170601,189060.370420577
"1970","3",663491.361619879,346806.828701956,1269354.437431
"1970","4",144943.582159991,76619.7591996201,274193.526954785
"1970","5",30925.750458371,15868.1093264561,60271.9594210805
"1970","6",7677.68037260452,3728.93382702038,15807.9436746075
"1970","7",9079.86672722163,3730.77864998814,22098.3305413653
"1970","8",19660.7672086223,6820.47169434255,56674.3451999472
"1970","9",10976.2752770964,2917.47192027261,41295.5539079668
"1970","10",75398.2128791737,38849.0895747717,146332.657150991
"1971","1",113218.512001912,44509.4754445555,287993.316746557
"1971","2",135883.93349908,62053.6818353496,297555.968269138
"1971","3",48901.396411935,25534.0022682156,93653.4173498497
"1971","4",452037.533025499,263020.516714906,776889.703571168
"1971","5",77818.7707615015,43210.7491310519,140144.783522842
"1971","6",20393.0621233658,10663.6807075063,38999.3843752951
"1971","7",5903.80956574587,2524.93803473045,13804.2862474894
"1971","8",7029.23955171488,2649.25618140408,18650.5967305909
"1971","9",14520.5552264983,4627.83268306128,45560.5330887443
"1971","10",65263.7690846511,34728.8051964765,122646.302717227
"1972","1",149362.32552883,58843.755359756,379124.414323797
"1972","2",68887.1205323909,31155.1880085572,152316.056444299
"1972","3",79944.9209481704,43818.4504517291,145856.147798969
"1972","4",56449.3660402378,31858.851268574,100020.270645728
"1972","5",233370.921849439,142387.057268785,382492.539768193
"1972","6",43042.9576385291,23952.7024383675,77348.1074646741
"1972","7",18282.734088111,8395.17912057633,39815.5132768185
"1972","8",3505.08126170274,1363.56091019206,9009.93461994244
"1972","9",4548.27629606384,1507.29709396516,13724.4457964929
"1972","10",53897.7719587691,28960.695381077,100307.322869657
"1973","1",201858.739217027,79739.2280711735,511002.571556349
"1973","2",139178.350313377,64611.3478834291,299802.029063089
"1973","3",64379.8818855537,36222.0706534677,114426.62213462
"1973","4",57369.3938528572,33495.7013358471,98258.7979885631
"1973","5",54162.4168340894,32190.8539262385,91130.4622123903
"1973","6",103740.594316236,65039.0793148872,165471.452278422
"1973","7",27192.1672164872,14111.7435598613,52397.0659467302
"1973","8",11783.879052314,5219.73495022683,26602.8460915494
"1973","9",2613.37580646407,909.406843804717,7510.09644620437
"1973","10",19685.3830285117,9782.02431358623,39614.9398689387
"1974","1",359294.269750883,141962.285261715,909342.731682801
"1974","2",142574.494099498,65213.527984706,311706.589045374
"1974","3",106542.142048083,60088.4665017182,188908.599154705
"1974","4",48830.7245119681,28458.0787319087,83787.7946303581
"1974","5",40989.4105716851,24385.2006501707,68899.64955045
"1974","6",34954.485601993,20528.3785354393,59518.3911671662
"1974","7",45020.4459679869,25926.3590141209,78176.8297682102
"1974","8",13363.9954525856,6245.3578281514,28596.6600106869
"1974","9",6028.97695446171,2384.96278085371,15240.7255195904
"1974","10",9323.26026137665,4108.80197799889,21155.3592426227
"1975","1",552796.857702306,218376.506355563,1399346.34446431
"1975","2",289291.934629487,133789.214475832,625534.904062009
"1975","3",81855.5305872252,43960.3188566314,152417.636222523
"1975","4",54542.3506123947,30320.9578278347,98112.6001103585
"1975","5",26816.7583656954,14851.4043238059,48422.2578259053
"1975","6",26230.56535705,14503.2356678487,47440.6246101171
"1975","7",17011.1369361707,8425.46470920307,34345.7352026015
"1975","8",18083.2684617538,8970.19085711582,36454.58647075
"1975","9",5685.67785230483,2274.09376013386,14215.3033471614
"1975","10",5788.70176976148,2366.93595665064,14157.1503382192
"1976","1",246255.615537667,95784.954325375,633103.900408397
"1976","2",478617.131407771,220231.71207568,1040151.5581838
"1976","3",213066.64775891,113232.291113844,400922.704474617
"1976","4",43848.5582090942,23284.325550372,82574.6939870286
"1976","5",25243.6474172902,13361.428382461,47692.6355991209
"1976","6",13315.1083020448,6829.89099994485,25958.2633305003
"1976","7",14209.6586469277,6767.75847156894,29834.7524827374
"1976","8",8829.31894311654,3812.3290016922,20448.6215551369
"1976","9",8257.81065736564,3495.09187516878,19510.6278428256
"1976","10",5059.74792415553,1960.33565832593,13059.5232236191
"1977","1",81542.7034332732,30748.4801191002,216245.240657486
"1977","2",188999.974444242,84362.5948350812,423422.138801617
"1977","3",391108.643328868,214546.997370048,712971.855871347
"1977","4",126773.3050556,70206.2782197347,228917.858662427
"1977","5",25167.9295504881,13315.3106154579,47571.1529495213
"1977","6",13375.6394455848,6837.04689259253,26167.3984965815
"1977","7",7988.33504191673,3600.02118326922,17725.8670139171
"1977","8",8172.8995484811,3576.76700819094,18675.0456142646
"1977","9",4725.4543643175,1808.65222326279,12346.1650957775
"1977","10",6383.08014589243,2641.5787655203,15424.0004805842
"1978","1",116314.225458707,43316.6822329697,312327.684084761
"1978","2",48358.7453079049,20713.775748336,112899.177637505
"1978","3",126763.981656129,64762.1661536789,248124.916130569
"1978","4",235222.203688957,127296.095208512,434651.864361268
"1978","5",86889.6337045911,46767.4895421947,161432.835485138
"1978","6",20577.902769384,10499.0537020678,40332.214159722
"1978","7",9347.89415033623,4180.47998315899,20902.6536182238
"1978","8",5221.92649067199,2094.91799650682,13016.5077198491
"1978","9",5062.15681082565,1950.81638639751,13135.7475547506
"1978","10",5726.49878967269,2303.99839394168,14232.9909926807
"1979","1",159073.991953407,58668.4090933588,431314.489467841
"1979","2",87141.4093519261,36649.5654844319,207195.504870735
"1979","3",26120.6941699896,12865.6486503433,53031.9677200203
"1979","4",65135.6780306389,33962.6834274667,124921.122960498
"1979","5",123177.980068777,68663.1965384431,220974.489082067
"1979","6",59026.1003628425,31571.0402328191,110356.849136144
"1979","7",17493.5811118329,7984.20404307695,38328.8526276615
"1979","8",6599.06947858196,2583.91983281725,16853.3549029158
"1979","9",3501.25975943944,1205.50112477409,10169.0655040801
"1979","10",6058.4449690596,2379.83348450535,15423.2452321145
"1980","1",45239.1018864406,16501.7949482535,124021.43802595
"1980","2",107343.764964909,44308.9172991265,260053.383815558
"1980","3",53622.2328395446,25159.8290305049,114283.123753033
"1980","4",20503.4940151972,9736.95794984616,43175.0110246567
"1980","5",37625.6798249605,18086.0434835782,78275.3720334612
"1980","6",63179.9848518367,31144.9144020763,128165.723441905
"1980","7",33012.5695398171,15067.4663966393,72329.9935723992
"1980","8",10623.3508673522,4159.85217579668,27129.7101150615
"1980","9",4026.59088564784,1333.20562516133,12161.2404376258
"1980","10",5125.0413352325,1839.57159332015,14278.3508851838
"1981","1",201302.838814923,76261.4700831534,531367.056926152
"1981","2",29104.5737988541,12046.418462854,70317.6814440712
"1981","3",66810.5488257326,31411.4879927035,142102.451034235
"1981","4",22514.2243815861,10527.2341729563,48150.3775043374
"1981","5",15310.9702075413,7099.40997960547,33020.4635835449
"1981","6",25693.8791261607,11929.5297622674,55339.6016193249
"1981","7",32821.9700822854,14938.8552146367,72112.7358558871
"1981","8",15479.0731353838,6402.66426247046,37422.1879062126
"1981","9",5955.90202216383,2109.03394568028,16819.4395212417
"1981","10",4556.22476060642,1595.96869643104,13007.262683526
"1982","1",373813.046442925,147686.912036157,946165.044447066
"1982","2",143054.408216063,61947.0519221036,330355.732437137
"1982","3",17009.9463161209,8244.20542151651,35095.9563576827
"1982","4",31623.7050559855,15571.5203092399,64223.5762216838
"1982","5",5766.53442882529,2701.96418621401,12306.9430336978
"1982","6",9673.08485972764,4547.66287702127,20575.0894984502
"1982","7",14781.2075653895,6259.29630506165,34905.5367317327
"1982","8",22921.5012838337,10251.8093104492,51249.0239717273
"1982","9",8062.78570818735,2979.72764449518,21816.9313213067
"1982","10",6268.33213445325,2256.54189218825,17412.4787507119
"1983","1",953285.135384606,397000.870337817,2289044.22444205
"1983","2",298263.680449651,139094.997265866,639571.694338735
"1983","3",99173.6879811822,49976.9254244159,196799.228929434
"1983","4",10542.8024996756,5371.64620130023,20692.1082256424
"1983","5",14297.7713698189,7397.19680044972,27635.6397779202
"1983","6",2571.05553173699,1219.42757055782,5420.84393274096
"1983","7",3718.08932682666,1595.01494378857,8667.12145619546
"1983","8",6798.67411610736,2771.00702793222,16680.5674872358
"1983","9",12036.3237194072,5420.84115692611,26725.2045364332
"1983","10",7279.0929872001,2845.74691996259,18619.0818110425
"1984","1",110910.920359716,42032.5921869826,292659.377283158
"1984","2",891043.872997264,446550.736661495,1777982.02627941
"1984","3",220967.840036444,117948.021369706,413968.676738755
"1984","4",23051.1325605902,11729.3721036989,45301.206887139
"1984","5",4037.63045690838,1987.20229100599,8203.72429135101
"1984","6",7534.86789525885,3664.11483817392,15494.6656167843
"1984","7",1641.40156294119,655.696901852529,4108.90928905399
"1984","8",2119.98962470049,770.877355901522,5830.18293951791
"1984","9",4747.86841677559,1496.47098321204,15063.6094891932
"1984","10",24281.8145497024,12383.8424236659,47610.9512423532
"1985","1",320044.348952976,122958.874415495,833029.627049245
"1985","2",85729.2032059962,37021.4095904877,198520.163430605
"1985","3",799694.82504957,434143.187007556,1473043.53114249
"1985","4",130218.307608511,69078.9990993116,245469.793388969
"1985","5",9248.58546694149,4489.5620673362,19052.2665365606
"1985","6",2387.25059448462,1110.27881543489,5132.91375251083
"1985","7",4988.17483552127,2048.37348608469,12147.1442384697
"1985","8",1133.61882777146,402.523144260775,3192.59069944411
"1985","9",1284.54919332612,401.296479275389,4111.83928913172
"1985","10",20030.8040112561,10024.0084789537,40027.2116867996
"1986","1",133726.558783019,51537.7814595904,346984.135084854
"1986","2",227841.50588244,100282.849170673,517653.339849059
"1986","3",75429.2561434761,38339.2670699594,148400.663788802
"1986","4",571745.051648962,317996.760044372,1027974.00841273
"1986","5",85060.904917191,45512.911419842,158973.73557555
"1986","6",5628.29607112164,2712.82550837748,11677.0196116113
"1986","7",1750.79912100603,720.933600761312,4251.84449563527
"1986","8",2676.02359924719,1043.05563744067,6865.5036669942
"1986","9",709.211333540028,225.765313118691,2227.89191427823
"1986","10",9506.54869138128,4625.06317376144,19540.1586154128
"1987","1",129222.416136085,50220.4054376591,332502.94748767
"1987","2",87069.1270296715,38680.7352189845,195989.885889974
"1987","3",136163.890181854,71202.6535832235,260392.050807283
"1987","4",47079.8599423684,25063.5422040635,88435.7523827443
"1987","5",444369.296267438,258014.311292058,765322.165566622
"1987","6",62899.1754065591,34273.6058657974,115433.032705006
"1987","7",3209.41277071639,1381.78480330328,7454.36648906082
"1987","8",1237.66824714887,464.363217177004,3298.75974956187
"1987","9",1475.15543557275,518.356439162754,4198.04480988919
"1987","10",5488.18304628664,2522.25191917378,11941.7703364915
"1988","1",459997.690808185,181288.467751805,1167188.83541204
"1988","2",84023.32869454,37634.3551583056,187592.420149456
"1988","3",47385.2329976845,25033.860104848,89692.9317668439
"1988","4",55615.5004493824,30166.3192020095,102534.348639698
"1988","5",30544.3797688863,16490.0181288449,56577.2049597684
"1988","6",371708.404785009,222654.194557341,620545.85795029
"1988","7",42314.5647365054,21888.0759205123,81803.5534663845
"1988","8",2062.52888042464,771.510718469908,5513.89019069296
"1988","9",828.694195000307,265.790005078633,2583.74677642238
"1988","10",4729.89736836493,1985.47111262272,11267.81899421
"1989","1",492382.692312219,193870.827410288,1250527.05931643
"1989","2",345110.704127487,157885.236015579,754354.245583914
"1989","3",52910.4034853872,27911.5800375253,100299.259061032
"1989","4",27744.7065222584,14961.877283868,51448.6735455463
"1989","5",26790.9386278576,14448.0227668669,49678.3818895711
"1989","6",15613.1986163406,8127.13685012419,29994.8155825103
"1989","7",352078.364309096,213513.01203937,580569.649739713
"1989","8",25130.6054608225,11120.0396977239,56793.621964928
"1989","9",1340.45579706021,425.855857249565,4219.31908011618
"1989","10",3921.93058695136,1467.88706842892,10478.6940764642
"1990","1",191478.950361482,75148.6301909739,487888.978659504
"1990","2",397006.804945229,180918.456827223,871190.291675665
"1990","3",224838.767098274,119261.78961114,423878.187264346
"1990","4",31969.7182535755,16907.4992863457,60450.2693096903
"1990","5",18902.3626282755,9952.684279987,35899.7937520524
"1990","6",17200.4484977304,8807.60467800491,33590.9068741371
"1990","7",11281.8816210721,4922.00172279936,25859.5709794863
"1990","8",245996.493710653,141796.163271287,426769.480371331
"1990","9",15571.282983669,6170.61418411121,39293.4716906829
"1990","10",3212.74444841093,1104.00758197187,9349.32609100348
"1991","1",226355.494208907,89522.4799919582,572334.566280571
"1991","2",140141.559975841,63382.9907196876,309856.897086459
"1991","3",308135.352659043,166005.459663906,571953.451112651
"1991","4",142093.776483767,77846.0095373001,259366.426557092
"1991","5",17755.5429080542,9381.77585243279,33603.3719967852
"1991","6",12336.233870307,6334.26509700896,24025.3073990811
"1991","7",11790.9194324772,5203.91163576171,26715.6306244273
"1991","8",7927.5152135987,3112.54073027834,20191.0602648464
"1991","9",153446.146314844,87295.5849653059,269724.062542619
"1991","10",10686.4716375059,3849.10611045226,29669.4018772581
"1992","1",215892.224764545,84706.3658382327,550247.342717981
"1992","2",164207.525634996,75325.1182026962,357969.720042241
"1992","3",86937.2555515402,47300.6717256033,159788.14099468
"1992","4",212890.050787703,122483.533365452,370026.667904524
"1992","5",93162.0980775197,53100.745176263,163447.358213066
"1992","6",12432.8733213459,6532.0273495198,23664.3741297254
"1992","7",7330.15849131944,3271.57247786893,16423.6690066736
"1992","8",7357.68573441504,2951.63352852589,18340.8742458116
"1992","9",4958.33856523309,1707.49774846516,14398.3330868675
"1992","10",86460.2349090573,49703.2773469799,150399.986068194
"1993","1",44272.6592239024,16692.6863914484,117420.785893391
"1993","2",151099.57562293,68134.3908257565,335088.954002931
"1993","3",103491.409664333,56558.5635408449,189369.587977177
"1993","4",49986.4082532338,28068.4195139483,89019.6545914275
"1993","5",151164.137162436,91108.1506000023,250807.377974187
"1993","6",61754.9850312635,35373.5648890343,107811.530677639
"1993","7",8198.15999764211,3683.84342441913,18244.4853387158
"1993","8",4429.52119087033,1767.51490946552,11100.7029560517
"1993","9",4232.50357852878,1476.6886410768,12131.2550553623
"1993","10",43020.0389971969,23533.0816385823,78643.4936037487
"1994","1",163767.531592257,61107.059379466,438898.626053559
"1994","2",27030.8296719034,11623.0217890552,62863.6654057971
"1994","3",116408.513910202,62419.0030868228,217096.420010632
"1994","4",82946.1254587784,46475.0589817451,148037.676107648
"1994","5",25208.6420292625,13867.5105509734,45824.7809239918
"1994","6",93188.4609828541,55114.8964508011,157563.377953633
"1994","7",31167.6086274212,16125.4140519202,60241.5432201835
"1994","8",4671.59222800703,1865.79253798519,11696.7848785281
"1994","9",2496.94016919883,861.88840973149,7233.77891866651
"1994","10",16859.4296043148,8053.13652896461,35295.6100471566
"1995","1",184119.466639879,65834.4116318761,514927.940501855
"1995","2",113791.673047016,47429.2817463404,273007.399186222
"1995","3",14864.8642096116,7173.62303632243,30802.3138170734
"1995","4",72691.3170920434,37802.7912069197,139778.767965916
"1995","5",51002.7370869428,27161.5966828581,95770.4814165618
"1995","6",13322.4736114247,6571.27542561231,27009.7190623492
"1995","7",46916.7064058586,24464.7315517353,89973.4924668489
"1995","8",15631.6958563736,6836.44708588273,35742.2374921543
"1995","9",2436.78475870189,815.376047427672,7282.43119107388
"1995","10",7254.57311749909,2888.8783195834,18217.7389613038
"1996","1",163589.067643075,56844.8822043824,470779.1100017
"1996","2",127791.158892744,49714.0654435162,328490.139469783
"1996","3",69495.7817961344,30242.1320367028,159699.841320529
"1996","4",7846.8241644693,3366.39706053649,18290.3704942894
"1996","5",36711.1559982626,16193.2606387218,83226.5350874484
"1996","6",32796.1526303326,14338.9390010584,75011.6607144139
"1996","7",6751.00085828341,2496.14750680342,18258.5413980234
"1996","8",26447.8634365096,11122.4596129249,62889.8197610369
"1996","9",7479.51939389467,2593.24452519852,21572.6707682392
"1996","10",4087.42936468062,1319.37598158326,12662.8641452187
"1997","1",209986.408998286,72653.3484181543,606913.417262095
"1997","2",116998.799933756,43556.8415748815,314272.538848022
"1997","3",77826.9903463496,31355.6007353806,193172.520516765
"1997","4",32032.1243687232,12750.7184956962,80470.5234391051
"1997","5",3744.32065862577,1433.51036888348,9780.14355454676
"1997","6",17039.2117549212,6600.80378090773,43984.7550185953
"1997","7",14831.6469854207,5407.40770012041,40680.8150040621
"1997","8",2861.48096494084,881.441482734553,9289.41225606536
"1997","9",12039.1334607151,4277.80779159217,33882.0118963233
"1997","10",4180.8586845618,1257.59913547548,13899.1661549346
"1998","1",91081.5246021063,31295.2953264107,265082.787598527
"1998","2",152418.631776109,58131.9424105812,399632.944456242
"1998","3",65517.0723062316,25816.3840852015,166269.867593135
"1998","4",40649.2883942607,15794.5609466098,104616.054383864
"1998","5",13809.2177668135,5158.96186858102,36963.7342141722
"1998","6",1335.50750700547,466.828747814362,3820.6308193711
"1998","7",6262.08213299616,2126.3102015861,18442.1222318074
"1998","8",5282.25776661983,1740.63552313999,16029.919384089
"1998","9",985.533192516655,259.716291469764,3739.75643982714
"1998","10",4659.3088317178,1523.19542948379,14252.3791557598
"1999","1",112912.968621816,39740.312634604,320816.260310181
"1999","2",60082.4859780404,22349.5318351747,161520.391027609
"1999","3",86810.3875221092,34397.7480683452,219085.370552902
"1999","4",31387.4727463351,11949.6391246885,82443.7822031389
"1999","5",15837.7548479165,5825.09471272791,43061.0129093051
"1999","6",4540.58856103385,1591.49046854459,12954.4881908376
"1999","7",518.565513652808,156.406422288546,1719.30402866644
"1999","8",1867.88409958033,586.652733577742,5947.28501167489
"1999","9",1562.32360342093,472.777915758303,5162.79411632666
"1999","10",1337.64930918127,396.830787541547,4508.98904653612
"2000","1",430186.003918203,168682.674753489,1097089.53950106
"2000","2",76300.0803428221,30169.587697482,192965.920472523
"2000","3",29604.8558810464,11984.5793562984,73131.2685811471
"2000","4",36070.6724550614,14489.4455136971,89795.9421656529
"2000","5",9891.39088824949,3732.49303784939,26212.9393710856
"2000","6",5182.91249502577,1910.91454701093,14057.448028282
"2000","7",1057.35396882374,346.451769265685,3226.99294553165
"2000","8",159.813851632426,44.5506891070049,573.290058706977
"2000","9",492.152818005211,144.49623217614,1676.26790417076
"2000","10",629.79617540454,193.841733389611,2046.22201637536
"2001","1",89714.2624248152,34680.2762001726,232081.452753497
"2001","2",351464.981672802,160085.581142373,771634.97462275
"2001","3",43220.431568365,19317.372484033,96700.8171789278
"2001","4",12797.6386531386,5510.92851146261,29719.049114074
"2001","5",12487.280490949,5329.77935563007,29256.7784996421
"2001","6",2587.20400064678,1040.90091959328,6430.60680893449
"2001","7",1472.13549560624,556.336525297705,3895.45323536709
"2001","8",251.275831346007,79.3211282692413,795.999058464112
"2001","9",48.8645839759387,12.7699954894694,186.981081482025
"2001","10",232.212571820605,74.1287773187365,727.418965507616
"2002","1",94324.2336217773,37573.5635473633,236790.450741263
"2002","2",61278.7771595564,27267.4616195952,137713.168264701
"2002","3",351282.919571206,186785.894609394,660647.795919082
"2002","4",26565.2247135731,13173.5654649058,53570.2476267823
"2002","5",6218.03618220247,2916.66364495166,13256.233378196
"2002","6",5133.99553553775,2409.62122904976,10938.6113639594
"2002","7",953.993970594786,398.328033407442,2284.8115613301
"2002","8",375.267807547856,140.057185671352,1005.48877022437
"2002","9",69.8382275641292,21.2798313170887,229.201912206058
"2002","10",83.895086147761,26.6932597007128,263.676507052913
"2003","1",243642.254796211,101286.603358227,586075.022303136
"2003","2",61982.4855745103,29071.0230927214,132153.19274251
"2003","3",37272.2512967202,20276.2597911454,68514.6437772774
"2003","4",274397.696285637,164390.234167202,458020.490744498
"2003","5",17953.510190126,9795.41359702949,32906.0661863941
"2003","6",3081.5562512505,1587.34974506268,5982.29152658862
"2003","7",2313.10223758564,1151.48194403306,4646.57043842459
"2003","8",395.245690210263,162.573962074566,960.911290075687
"2003","9",101.120229015832,35.7270239200281,286.206338907565
"2003","10",45.1687524819172,14.5693127786517,140.035170619867
"2004","1",394477.195605333,169553.202996586,917778.343920647
"2004","2",188239.812013615,93863.9072622004,377506.411787642
"2004","3",35800.723195406,20957.5184304164,61156.6577202153
"2004","4",21686.392624206,13094.014289725,35917.1461589337
"2004","5",171972.224059043,125352.955092647,235929.386953468
"2004","6",6716.31218713324,3992.32589618562,11298.8895616294
"2004","7",1710.05427323978,858.696531213031,3405.49368854987
"2004","8",1006.76174472784,466.694526671929,2171.8043660708
"2004","9",141.550770645375,53.5390258296989,374.243280668452
"2004","10",42.2514887404206,13.5667493502736,131.585559273703
"2005","1",171153.563011152,71629.2294853955,408960.732118235
"2005","2",297061.035659001,158610.380323674,556364.966320096
"2005","3",113127.900802794,70118.3874633698,182518.771509577
"2005","4",17289.1077946884,10252.3631568045,29155.5462642743
"2005","5",9946.03321677079,5846.99139999567,16918.7142551947
"2005","6",75918.8287032707,52207.3173524811,110399.630625776
"2005","7",2670.94960934639,1414.74749055458,5042.57605212019
"2005","8",620.75039846936,271.1522922175,1421.08722020606
"2005","9",233.46773007157,91.4937557693616,595.74755158345
"2005","10",57.0429552713061,18.9547485074307,171.666679977771
"2006","1",319884.055289262,136251.877911224,751004.759692008
"2006","2",114939.462874122,57497.2524031689,229768.894575275
"2006","3",174296.667327885,116330.702830776,261146.262356892
"2006","4",56417.3783462181,36218.6262596197,87880.7649038023
"2006","5",7359.22026799364,4250.32870257907,12742.1022566997
"2006","6",3413.67860687115,1871.07539916417,6228.07698514738
"2006","7",23745.8231658497,15140.0974323969,37243.0970369612
"2006","8",710.137993779352,312.975620104716,1611.29473931623
"2006","9",183.360350767495,70.3886887940748,477.648025692572
"2006","10",50.9422676995254,16.600458508789,156.327889196323
"2007","1",77050.3390767523,31318.0964406031,189563.077791204
"2007","2",228440.698057687,119058.790564173,438314.14952057
"2007","3",63757.367329085,37868.1501912499,107346.196426441
"2007","4",96446.2714359328,63738.3009117301,145938.676444727
"2007","5",16588.9591604732,9882.44821549831,27846.6995249489
"2007","6",2142.56233413247,1120.17025638848,4098.10323873759
"2007","7",889.303180978979,390.411149193269,2025.7109699186
"2007","8",7813.38763277706,4502.28130457656,13559.5761726344
"2007","9",137.929649073863,51.3747430779924,370.310135950612
"2007","10",48.9461143657008,16.2784165980092,147.171691858116
"2008","1",173109.716810553,74614.1198619392,401626.047585613
"2008","2",48340.6573892107,23024.3179792881,101493.523453036
"2008","3",137400.074865517,79664.515809514,236978.539079943
"2008","4",29432.6163398725,16158.2937995161,53612.0283093299
"2008","5",40326.6626937114,22440.8027078312,72467.983662851
"2008","6",3757.80939543237,1868.47651664378,7557.56431863789
"2008","7",526.726714371948,211.033656296808,1314.67670371431
"2008","8",216.073765811431,76.917845987194,606.983615736016
"2008","9",2802.84846088385,1369.66390744766,5735.68409882272
"2008","10",38.3155706558224,11.6131204497812,126.415889771382
"2009","1",170119.812824302,74893.8037128182,386423.833223234
"2009","2",116211.257539893,61305.4935620716,220291.128809352
"2009","3",23848.8181126375,14216.4359497269,40007.6451918734
"2009","4",68065.7536722813,47169.6550662891,98218.7980061512
"2009","5",11319.5309711439,6880.14035567431,18623.4255091918
"2009","6",15791.680208631,10049.6483605891,24814.5163754813
"2009","7",958.788562275464,466.446734494939,1970.8048940371
"2009","8",120.536797643166,45.5311601143736,319.102775979628
"2009","9",48.4910399026615,15.6246936504813,150.491331442462
"2009","10",1037.05447798978,519.536572571232,2070.07946523573
"2010","1",42425.8830234354,16963.3813470092,106108.299607116
"2010","2",108955.284832597,61098.8080002664,194296.001534115
"2010","3",53031.6759583531,34108.076924543,82454.3307197742
"2010","4",7120.56522314712,4121.92670027806,12300.6673295942
"2010","5",19852.9563128363,12668.5173256289,31111.7602974758
"2010","6",2315.28212122647,1257.12688624076,4264.11316116288
"2010","7",3229.82744497065,1791.37787967108,5823.33043333161
"2010","8",196.317418215341,78.4014494059826,491.579288224182
"2010","9",17.0590714012604,5.19855924289212,55.9793403280332
"2010","10",216.991621853114,89.6113181344843,525.439921369991
"2011","1",109735.312023265,45438.9682167585,265011.270665298
"2011","2",22172.1787934014,10256.2809319896,47932.1418461958
"2011","3",40237.6685413847,27348.8270968116,59200.7095556611
"2011","4",10040.9885145788,6260.58501061354,16104.1580266031
"2011","5",878.50392685604,466.570608008858,1654.13152104693
"2011","6",2743.57613419135,1563.19793310187,4815.26353426534
"2011","7",261.105738100605,116.827458674973,583.563207162925
"2011","8",317.875026493818,147.469117583716,685.191137806083
"2011","9",20.7933112714771,6.87879255632875,62.8543149240264
"2011","10",23.1548055300365,7.94562159641636,67.4767873888707
"2012","1",66979.3254096218,25817.1268743772,173769.531139442
"2012","2",70927.4433279866,31241.1858537623,161027.889293098
"2012","3",7259.42528868767,2895.05108782248,18203.2212639384
"2012","4",10027.8278665103,3930.34610406028,25584.8541217473
"2012","5",989.59843589594,340.190333718239,2878.69750331824
"2012","6",65.4018387193412,19.7669995434976,216.390985311567
"2012","7",148.292528358196,46.1004040306348,477.016946581489
"2012","8",17.8698194841792,4.59336183600139,69.5199855352862
"2012","9",16.9724940163045,4.40394864989106,65.4107429569186
"2012","10",2.9963752704335,0.659368309053491,13.61646387609
"2013","1",45217.4014316608,16367.2213057344,124921.228474843
"2013","2",50507.7706042006,21554.5726758684,118352.376072043
"2013","3",37223.0905831411,16436.6753272109,84296.7598360317
"2013","4",1656.7248219236,655.096968417434,4189.81810007217
"2013","5",2683.39077808507,1043.35903217522,6901.35020243231
"2013","6",179.257461230528,63.5024329304932,506.015847329593
"2013","7",7.47534427532124,2.21770472738984,25.1975708688451
"2013","8",14.5667405904119,4.5179578872015,46.9658940446182
"2013","9",2.38764083708442,0.592426101075104,9.62285212715579
"2013","10",2.59453028371256,0.66162797450417,10.1742786769956
"2014","1",57884.8905654147,21099.8140825816,158800.477703549
"2014","2",30889.6135216455,12589.5842488534,75790.2885953942
"2014","3",32150.3236671223,14624.3472467686,70679.6203932534
"2014","4",17425.030374026,7756.60533047873,39144.918504831
"2014","5",565.954720512246,228.967136782197,1398.91143406655
"2014","6",391.220579971279,155.164776035694,986.393601069973
"2014","7",22.7416996470855,8.07445379110081,64.05199858946
"2014","8",2.28815871923175,0.628964388116334,8.32427149027696
"2014","9",2.96931344131939,0.857488462158385,10.2821468764806
"2014","10",1.26909599898602,0.325278646136988,4.95146138171031
"2015","1",83737.7897753564,30559.6709334883,229453.303071329
"2015","2",40580.5414352372,16752.5495862326,98300.2816795325
"2015","3",17180.3569007239,7695.522514561,38355.3764773945
"2015","4",13860.574860102,6251.74975502668,30729.8825097762
"2015","5",4816.90202621581,2084.53471216373,11130.8029531818
"2015","6",321.045709066389,127.334062834873,809.448351959073
"2015","7",57.7013407023788,21.5013903555808,154.847880243605
"2015","8",8.1244455029902,2.61356694523773,25.2553755515352
"2015","9",0.814708448423029,0.194993737161804,3.40395474025449
"2015","10",1.37317579769915,0.369814967283435,5.09879788056688
"2016","1",162698.056750456,60555.1717547746,437132.897212654
"2016","2",59248.2198453466,24589.6434347812,142757.318305692
"2016","3",20351.3395197948,8983.14565583977,46106.0118713219
"2016","4",8254.04466912941,3560.86390757406,19132.7877639667
"2016","5",5242.31217909868,2219.64829572656,12381.1673390043
"2016","6",1727.84734252654,699.985626594798,4265.02534573361
"2016","7",65.7695319244047,23.9449001403717,180.649378539782
"2016","8",12.3066857937401,3.94093172228631,38.4311441807927
"2016","9",2.67322812299181,0.74069224725317,9.64793222023797
"2016","10",0.844921507412155,0.203264714992454,3.5121312310114
"2017","1",37679.5598537868,13354.8286417217,106309.805154645
"2017","2",133874.828220696,57643.1690018609,310920.963254853
"2017","3",34193.2698794245,15130.9515390108,77270.7322492421
"2017","4",8446.26190906759,3604.32057069169,19792.7289866105
"2017","5",2939.47638078662,1197.67629583782,7214.40461269051
"2017","6",1765.14223397541,705.623111750107,4415.56838811018
"2017","7",426.281662185891,159.818490134598,1137.01521872048
"2017","8",11.3924405759912,3.4956212226089,37.1286515364002
"2017","9",3.62286628857317,0.998765030581599,13.1413893588534
"2017","10",1.24848804277266,0.303635520973735,5.13353110975822
"2018","1",54982.0562308738,20548.295160498,147118.117769032
"2018","2",27624.9835964974,11137.7121362836,68518.5349889456
"2018","3",81630.210756087,38241.7644754467,174246.439710215
"2018","4",15706.6811166576,6953.03046185416,35480.9076493792
"2018","5",3026.88188550232,1254.7706637302,7301.74382746973
"2018","6",773.012725803337,304.927242404232,1959.64345311513
"2018","7",422.18259931873,160.372569607553,1111.40045709616
"2018","8",70.7541044167847,23.2253542070479,215.546477663713
"2018","9",2.88608846992804,0.763091286077476,10.9154786697511
"2018","10",1.46311988065275,0.364342186550293,5.87557484196474
"2019","1",21041.4330377358,8115.68700614243,54553.8417075997
"2019","2",39560.4879897708,17128.6820161993,91369.0970798966
"2019","3",21304.5981423299,9878.03561614305,45949.004401686
"2019","4",31037.6986761874,14686.1600981759,65595.0045943908
"2019","5",4842.91972974295,2115.76271455084,11085.3033506229
"2019","6",934.098194695044,385.132896976186,2265.55416113023
"2019","7",249.498238702547,94.2678412083919,660.345779830285
"2019","8",122.691529736795,43.0656620974248,349.540927412213
"2019","9",15.1327238991962,4.50357878343772,50.8483016776497
"2019","10",1.32817090096382,0.335261013729805,5.26168528377929
"2020","1",24207.4508022737,9466.96973589291,61899.498011782
"2020","2",13330.1537772837,6129.02462490234,28992.0518517844
"2020","3",21747.9638610054,11441.2021069493,41339.5312554018
"2020","4",8037.40003047571,4083.25744175975,15820.6530377498
"2020","5",11092.9690506811,5591.16226541589,22008.6551807873
"2020","6",1391.08105616402,654.328762560825,2957.39178153357
"2020","7",268.738404580236,115.017177649964,627.90907907792
"2020","8",67.869936440553,25.5836750897314,180.049514242524
"2020","9",26.9746677793031,9.2322336645984,78.8143723651541
"2020","10",4.10179956688836,1.15285942460533,14.5939386258523
"2021","1",35491.7294698879,13367.685691786,94231.9328720997
"2021","2",15515.4707574658,7146.67877369794,33684.1546190291
"2021","3",6602.2340473732,3865.64376810149,11276.1281254071
"2021","4",7847.89239949562,5086.84721958405,12107.5810724068
"2021","5",2329.21313760367,1437.20401433395,3774.85296887356
"2021","6",1695.65616191437,1032.37343693414,2785.08698168063
"2021","7",241.637966891105,121.970153359207,478.714713683347
"2021","8",93.4617785889661,40.7734532823987,214.235080764761
"2021","9",21.3732524246358,7.68227504297007,59.4636245971464
"2021","10",5.85223607054626,1.87556562937868,18.2604471360185
"2022","1",34367.3829570038,11328.1376064388,104264.006348406
"2022","2",24663.4450551052,10502.9085678246,57915.9113933129
"2022","3",7219.42665645237,3490.61266851672,14931.5109401819
"2022","4",2043.97468764356,1006.26101402111,4151.83780899214
"2022","5",1646.4967488843,834.048439022174,3250.35263810919
"2022","6",557.286134274304,262.23667965896,1184.3035682815
"2022","7",315.066099912247,142.110705491851,698.516321978332
"2022","8",32.8590436511984,11.5868363048885,93.1847763496778
"2022","9",27.4532868627026,8.74153570112749,86.218598806229
"2022","10",7.55242773150237,2.00939911280774,28.3861798664104
"2023","1",28826.52550553,7257.45421207807,114498.631123025
"2023","2",26639.1675154477,9205.83646511701,77086.449298235
"2023","3",16464.0993683982,6639.66309346527,40825.3497499401
"2023","4",4082.26783912008,1647.73812221764,10113.8102503117
"2023","5",1085.47493646867,429.969344996377,2740.32521483966
"2023","6",643.954992711787,246.45573036234,1682.56600091536
"2023","7",165.366169716554,55.8555955762628,489.583358741333
"2023","8",117.597829689159,38.4248244618351,359.904039674562
"2023","9",18.7134755007452,4.83346803400873,72.4519460670872
"2023","10",13.1379970320674,3.24097987419731,53.2576482158383
"2024","1",32337.438026948,5428.50503027228,192633.126858179
"2024","2",20641.4699779569,5152.20267167763,82696.724100755
"2024","3",16805.7197958659,5153.32224407005,54805.8523183091
"2024","4",8974.35880609885,2730.78679224992,29493.0077328545
"2024","5",1856.48068479092,525.669705387819,6556.43743148381
"2024","6",677.478561662313,177.348669291103,2587.99348958556
"2024","7",227.625902836979,54.8552193201564,944.550988666109
"2024","8",51.4802116457193,10.5772937284115,250.556735885036
"2024","9",51.4145720322138,10.5510141740701,250.54067539329
"2024","10",16.0344688826131,2.8807733556956,89.2483234889568
