"Estimate","Low","High","year","logEstimate","logLow","logHigh","logsd","RR","logRR","ratio","prob"
0.134349913290727,0.0336119963315094,0.537007651173191,1969,-2.00730758931923,-3.39287224205846,-0.621742936580005,0.692782326369614,0.59,-0.527632742082372,0.23,1.63460732099595
0.137647307940215,0.049858821258654,0.380008610410132,1970,-1.98306060486617,-2.99855984218796,-0.967561367544384,0.507749618660894,0.59,-0.527632742082372,0.23,0.207566109562984
0.149885180991082,0.0900170412817791,0.249570160947701,1971,-1.89788573805947,-2.40775627900054,-1.38801519711841,0.254935270470532,0.59,-0.527632742082372,0.25,3.83114217017422e-06
0.178372010986425,0.115731121960694,0.274918049391651,1972,-1.72388396023416,-2.15648569252909,-1.29128222793923,0.216300866147465,0.59,-0.527632742082372,0.3,1.59662687515549e-06
0.32907679502448,0.218239763634282,0.496204427736892,1973,-1.11146413592757,-1.52216098738169,-0.700767284473455,0.205348425727058,0.59,-0.527632742082372,0.56,0.223367213944303
0.479339025774749,0.316475884387265,0.726013933338204,1974,-0.735347153692729,-1.15050823496986,-0.320186072415603,0.207580540638563,0.59,-0.527632742082372,0.81,15.8499254671199
0.422192666040037,0.250024886154212,0.712915622119528,1975,-0.86229351453822,-1.38619482145728,-0.338392207619161,0.26195065345953,0.59,-0.527632742082372,0.72,10.0700221418786
0.317413016640758,0.152689710232129,0.659841602815394,1976,-1.1475514615204,-1.87934745454129,-0.415755468499502,0.365897996510448,0.59,-0.527632742082372,0.54,4.51099218108256
0.225532946480141,0.133167389358192,0.381963708931755,1977,-1.48928902658678,-2.01614837548849,-0.962429677685066,0.263429674450856,0.59,-0.527632742082372,0.38,0.0130853050953395
0.23496632074954,0.108518035097964,0.508755727439553,1978,-1.4483130910681,-2.22083889771393,-0.675787284422259,0.386262903322919,0.59,-0.527632742082372,0.4,0.857307212575453
0.281782143884787,0.158137626914786,0.502101733543103,1979,-1.26662104602203,-1.84428956868196,-0.68895252336209,0.288834261329968,0.59,-0.527632742082372,0.48,0.525593501891453
0.335313796299451,0.163540618120092,0.687507136032623,1980,-1.09268848022028,-1.8106938906291,-0.374683069811465,0.35900270520441,0.59,-0.527632742082372,0.57,5.77484000392154
0.383223553694912,0.163289137038137,0.899388010558575,1981,-0.959136768973458,-1.81223280272396,-0.106040735222957,0.426548016875251,0.59,-0.527632742082372,0.65,15.5860157695895
0.410124941704213,0.148558676355167,1.13222917661001,1982,-0.891293429842391,-1.90677527181066,0.124188412125881,0.507740920984136,0.59,-0.527632742082372,0.7,23.6923814908442
0.308849536398978,0.129734780525659,0.735254152721198,1983,-1.17490105789696,-2.04226306226964,-0.307539053524271,0.433681002186342,0.59,-0.527632742082372,0.52,6.77842337786795
0.228521800011853,0.136508506857396,0.38255647419257,1984,-1.47612366833275,-1.99136834499941,-0.960878991666094,0.25762233833333,0.59,-0.527632742082372,0.39,0.0115837094379456
0.219878202986023,0.0933918144364907,0.517673036337033,1985,-1.51468150872626,-2.3709515774542,-0.658411439998317,0.428135034363972,0.59,-0.527632742082372,0.37,1.05703749868978
0.20480714831947,0.0750264079095741,0.559082717292144,1986,-1.58568648252225,-2.58991512195942,-0.581457843085077,0.502114319718585,0.59,-0.527632742082372,0.35,1.75502575570126
0.187428243192595,0.0661995439517616,0.530658434321856,1987,-1.67435920979397,-2.7150817050091,-0.633636714578833,0.520361247607567,0.59,-0.527632742082372,0.32,1.37722927440467
0.173148888672922,0.066329073538109,0.451996930598508,1988,-1.75360342644525,-2.71312696300628,-0.794079889884229,0.479761768280512,0.59,-0.527632742082372,0.29,0.530368989042818
0.1534183289045,0.0947826506998213,0.248327974266008,1989,-1.87458691280271,-2.356168895965,-1.39300492964042,0.240790991581144,0.59,-0.527632742082372,0.26,1.11029854199529e-06
0.183299638957576,0.0804716736785422,0.417522789151793,1990,-1.69663309381885,-2.51985003625149,-0.873416151386208,0.411608471216322,0.59,-0.527632742082372,0.31,0.225512197710698
0.217276378663624,0.0858442287945661,0.549938247312517,1991,-1.52658510143137,-2.45522091818991,-0.597949284672829,0.464317908379269,0.59,-0.527632742082372,0.37,1.57207231655384
0.25578634866842,0.106261995908235,0.615710777930648,1992,-1.36341275846859,-2.2418475748849,-0.48497794205228,0.439217408208155,0.59,-0.527632742082372,0.43,2.8527806261466
0.302140811417087,0.191207681404565,0.477434113803316,1993,-1.19686210730358,-1.65439510446175,-0.739329110145419,0.228766498579082,0.59,-0.527632742082372,0.51,0.172016888273752
0.378341470216332,0.223621339256821,0.640110056406834,1994,-0.971958130786289,-1.49780110729587,-0.446115154276707,0.262921488254791,0.59,-0.527632742082372,0.64,4.55183165994697
0.399330521215791,0.214829714857791,0.742284954760729,1995,-0.91796583103022,-1.53790958858838,-0.298022073472059,0.309971878779081,0.59,-0.527632742082372,0.68,10.3969440629424
0.573744509626923,0.278182446068713,1.18333405640458,1996,-0.555571086930863,-1.27947809972687,0.168335925865149,0.361953506398006,0.59,-0.527632742082372,0.97,46.9237128399898
0.764615588408445,0.369642541572928,1.5816280116174,1997,-0.268382070262931,-0.995218844179939,0.458454703654078,0.363418386958504,0.59,-0.527632742082372,1.3,76.2190645318742
0.896198375143983,0.452955322175485,1.77318046237582,1998,-0.109593489682415,-0.791961784907204,0.572774805542374,0.341184147612394,0.59,-0.527632742082372,1.52,88.9761342816619
1.04453750284007,0.536002089331079,2.03554914534195,1999,0.0435742064346069,-0.623617219913188,0.710765632782402,0.333595713173898,0.59,-0.527632742082372,1.77,95.6576819406042
1.03681813979431,0.520506048957861,2.0652821560073,2000,0.0361565424064069,-0.652953769557829,0.725266854370643,0.344555155982118,0.59,-0.527632742082372,1.76,94.9109674253208
0.785274994515777,0.394536860667608,1.56298911074694,2001,-0.241721311059405,-0.930042706641327,0.446600084522516,0.344160697790961,0.59,-0.527632742082372,1.33,79.6942506667767
0.633809305293824,0.317473893396535,1.26534573025595,2002,-0.456007150082029,-1.14735968955282,0.23534538938876,0.345676269735395,0.59,-0.527632742082372,1.07,58.2074825599221
0.629873513768734,0.325784956088191,1.21779915227262,2003,-0.462236251549574,-1.12151775917745,0.197045256078298,0.329640753813936,0.59,-0.527632742082372,1.07,57.8628915791615
0.796249617514617,0.586154998630358,1.08164812186818,2004,-0.227842552454288,-0.534171021597638,0.0784859166890621,0.153164234571675,0.59,-0.527632742082372,1.35,97.4844599453617
0.978500264599505,0.734538649251734,1.30348861669384,2005,-0.0217342217326495,-0.308512664940824,0.265044221475525,0.143389221604087,0.59,-0.527632742082372,1.66,99.9790761634022
1.09164849692067,0.814536952865359,1.46303545423818,2006,0.0876889362384567,-0.205135483196475,0.380513355673388,0.146412209717466,0.59,-0.527632742082372,1.85,99.998681054142
1.05627033528859,0.742962925489686,1.50169945623506,2007,0.054744151848149,-0.297109133908152,0.406597437604449,0.17592664287815,0.59,-0.527632742082372,1.79,99.9534085426536
0.994840577287835,0.595281551470722,1.66258768102789,2008,-0.00517277849207482,-0.518720789609197,0.508375232625047,0.256774005558561,0.59,-0.527632742082372,1.69,97.9059837307704
1.41669522472659,1.10679334071789,1.81336956586792,2009,0.348326852695565,0.101466952213845,0.595186753177285,0.12342995024086,0.59,-0.527632742082372,2.4,99.9999999999362
2.02061818631604,1.60042016447497,2.55114122247426,2010,0.703403497424343,0.470266197568515,0.936540797280171,0.116568649927914,0.59,-0.527632742082372,3.42,100
2.41149409151588,1.54669908567002,3.75981586030151,2011,0.880246510395702,0.436123037912899,1.32436998287851,0.222061736241402,0.59,-0.527632742082372,4.09,99.9999999885144
1.73707485171495,1.01875898619384,2.96186741059713,2012,0.552202578854949,0.0185852063378001,1.0858199513721,0.266808686258574,0.59,-0.527632742082372,2.94,99.997408601375
1.27103814968439,0.678646074139065,2.38053094170271,2013,0.239834007244186,-0.387655533064347,0.867323547552718,0.313744770154266,0.59,-0.527632742082372,2.15,99.2780453018715
0.951088210867927,0.506156250452605,1.78713348702716,2014,-0.0501484648309209,-0.680909862001267,0.580612932339425,0.315380698585173,0.59,-0.527632742082372,1.61,93.4986235683295
0.958268573580386,0.497283978887005,1.84658806255337,2015,-0.042627192096496,-0.698594029973832,0.61333964578084,0.327983418938668,0.59,-0.527632742082372,1.62,93.039645641795
1.00948745571373,0.526671729747881,1.93491479736572,2016,0.00944273245652795,-0.641177828230099,0.660063293143155,0.325310280343314,0.59,-0.527632742082372,1.71,95.0627009627361
1.07870332874681,0.55815974211218,2.08470941857285,2017,0.075759698281955,-0.583110081383332,0.734629477947242,0.329434889832644,0.59,-0.527632742082372,1.83,96.6494367570886
0.995556641599134,0.539647743998369,1.836629611918,2018,-0.00445325945798765,-0.616838678209896,0.607932159293921,0.306192709375954,0.59,-0.527632742082372,1.69,95.6243101223961
1.05830820033696,0.587530946647703,1.90631021785488,2019,0.0566715956814589,-0.531826359206084,0.645169550569002,0.294248977443771,0.59,-0.527632742082372,1.79,97.6469347490181
1.18478238104118,0.654739237485497,2.1439211369346,2020,0.169559113031354,-0.423518233323158,0.762636459385865,0.296538673177256,0.59,-0.527632742082372,2.01,99.0640980068887
1.13574114081989,0.750083712695997,1.71968530594351,2021,0.127285425336297,-0.287570461752491,0.542141312425084,0.207427943544394,0.59,-0.527632742082372,1.92,99.9203890802304
0.438832745082493,0.24483154449704,0.786557870033632,2022,-0.823636929202834,-1.40718487840593,-0.240088979999734,0.29177397460155,0.59,-0.527632742082372,0.74,15.5172531617332
0.400683491651124,0.148766802667676,1.0791874101131,2023,-0.914583460963065,-1.90537528182537,0.0762083598992397,0.495395910431153,0.59,-0.527632742082372,0.68,21.7373637559337
0.304915148169458,0.128174493542876,0.725364657299012,2024,-1.18772174380337,-2.0543627126143,-0.321080774992438,0.433320484405466,0.59,-0.527632742082372,0.52,6.38383976342766
0.252912592091225,0.0936447016970257,0.683058177121986,2025,-1.37471133575402,-2.36824742727151,-0.381175244236534,0.496768045758744,0.59,-0.527632742082372,0.43,4.40804937389244
