"year","age","caa_1000","prop_mature","stock_weight_kg","catch_weight_kg","fecundity"
"1969","1",5692,0.296,0.128,0.177,260999
"1969","2",26359,0.71,0.27,0.294,359015
"1969","3",18057,0.893,0.361,0.358,467672
"1969","4",2027,0.952,0.429,0.458,543634
"1969","5",929,1,0.498,0.499,599853
"1969","6",855,1,0.55,0.568,646493
"1969","7",1099,1,0.588,0.592,679357
"1969","8",440,1,0.628,0.618,723172
"1969","9",462,1,0.661,0.645,737012
"1969","10",9656,1,0.714,0.673,805010
"1970","1",20277,0.293,0.127,0.177,260618
"1970","2",3654,0.703,0.268,0.294,358490
"1970","3",33584,0.888,0.356,0.358,466989
"1970","4",8047,0.949,0.42,0.458,542840
"1970","5",2496,1,0.491,0.499,598976
"1970","6",451,1,0.545,0.568,645549
"1970","7",425,1,0.583,0.592,678364
"1970","8",1578,1,0.623,0.618,722115
"1970","9",1645,1,0.656,0.645,735935
"1970","10",4335,1,0.709,0.673,803834
"1971","1",7156,0.287,0.128,0.177,260217
"1971","2",7389,0.692,0.267,0.294,357940
"1971","3",1702,0.882,0.353,0.358,466272
"1971","4",35931,0.946,0.415,0.458,542006
"1971","5",7620,1,0.481,0.499,598056
"1971","6",1753,1,0.537,0.568,644557
"1971","7",2203,1,0.578,0.592,677322
"1971","8",1526,1,0.617,0.618,721006
"1971","9",1879,1,0.65,0.645,734804
"1971","10",5517,1,0.703,0.673,802599
"1972","1",1,0.274,0.128,0.177,259797
"1972","2",136,0.676,0.268,0.294,357362
"1972","3",4401,0.874,0.352,0.358,465519
"1972","4",5541,0.942,0.411,0.458,541131
"1972","5",24826,1,0.474,0.499,597090
"1972","6",4975,1,0.526,0.568,643516
"1972","7",5248,1,0.569,0.592,676229
"1972","8",77,1,0.61,0.618,719842
"1972","9",546,1,0.643,0.645,733618
"1972","10",6833,1,0.696,0.673,801304
"1973","1",9176,0.253,0.127,0.177,259356
"1973","2",20624,0.661,0.267,0.294,356755
"1973","3",9649,0.869,0.352,0.358,464729
"1973","4",9333,0.939,0.409,0.458,540212
"1973","5",13972,1,0.469,0.499,596077
"1973","6",22293,1,0.517,0.568,642424
"1973","7",8317,1,0.556,0.592,675081
"1973","8",2771,1,0.6,0.618,718620
"1973","9",837,1,0.635,0.645,732373
"1973","10",1603,1,0.687,0.673,799943
"1974","1",8618,0.229,0.132,0.177,258893
"1974","2",24340,0.659,0.277,0.294,356119
"1974","3",26703,0.877,0.365,0.358,463900
"1974","4",14602,0.944,0.426,0.458,539249
"1974","5",12594,1,0.486,0.499,595013
"1974","6",12417,1,0.533,0.568,641278
"1974","7",15377,1,0.569,0.592,673876
"1974","8",4053,1,0.611,0.618,717338
"1974","9",1714,1,0.651,0.645,731066
"1974","10",1749,1,0.707,0.673,798516
"1975","1",14206,0.217,0.139,0.177,258705
"1975","2",24905,0.688,0.289,0.294,355859
"1975","3",13049,0.904,0.381,0.358,463562
"1975","4",11636,0.958,0.444,0.458,538856
"1975","5",7052,1,0.509,0.499,594580
"1975","6",7526,1,0.554,0.568,640811
"1975","7",5456,1,0.589,0.592,673386
"1975","8",3917,1,0.628,0.618,716815
"1975","9",825,1,0.665,0.645,730534
"1975","10",581,1,0.727,0.673,797935
"1976","1",5080,0.238,0.146,0.177,258727
"1976","2",37835,0.734,0.299,0.294,355890
"1976","3",28806,0.929,0.39,0.358,463602
"1976","4",6419,0.97,0.454,0.458,538903
"1976","5",4401,1,0.52,0.499,594632
"1976","6",2359,1,0.569,0.568,640866
"1976","7",2919,1,0.601,0.592,673444
"1976","8",2008,1,0.638,0.618,716877
"1976","9",1341,1,0.671,0.645,730597
"1976","10",636,1,0.729,0.673,798004
"1977","1",4738,0.287,0.151,0.123,258896
"1977","2",14741,0.778,0.31,0.297,356122
"1977","3",29710,0.937,0.4,0.378,463903
"1977","4",8831,0.973,0.46,0.435,539253
"1977","5",1637,1,0.527,0.51,595018
"1977","6",913,1,0.576,0.56,641283
"1977","7",616,1,0.612,0.628,673882
"1977","8",656,1,0.644,0.655,717344
"1977","9",402,1,0.675,0.668,731072
"1977","10",416,1,0.728,0.73,798523
"1978","1",78,0.333,0.156,0.184,259017
"1978","2",2801,0.81,0.321,0.309,356289
"1978","3",12088,0.931,0.413,0.41,464121
"1978","4",25956,0.969,0.47,0.454,539506
"1978","5",10683,1,0.533,0.488,595298
"1978","6",2357,1,0.582,0.54,641584
"1978","7",1153,1,0.617,0.593,674199
"1978","8",545,1,0.654,0.633,717680
"1978","9",685,1,0.679,0.69,731415
"1978","10",448,1,0.73,0.685,798898
"1979","1",6742,0.317,0.161,0.164,259155
"1979","2",11350,0.839,0.332,0.246,356478
"1979","3",1892,0.928,0.429,0.415,464368
"1979","4",7476,0.967,0.488,0.507,539793
"1979","5",18990,1,0.547,0.531,595615
"1979","6",11867,1,0.591,0.564,641926
"1979","7",4834,1,0.626,0.584,674557
"1979","8",1589,1,0.663,0.654,718062
"1979","9",1096,1,0.693,0.676,731805
"1979","10",1043,1,0.739,0.724,799323
"1980","1",55,0.25,0.167,0.202,259196
"1980","2",5644,0.871,0.35,0.41,356534
"1980","3",6818,0.939,0.454,0.441,464441
"1980","4",2593,0.972,0.518,0.522,539878
"1980","5",5096,1,0.579,0.595,595708
"1980","6",10051,1,0.619,0.612,642026
"1980","7",5681,1,0.649,0.636,674663
"1980","8",1925,1,0.686,0.68,718175
"1980","9",1120,1,0.717,0.718,731919
"1980","10",949,1,0.769,0.737,799448
"1981","1",9477,0.181,0.168,0.183,259158
"1981","2",1758,0.874,0.365,0.424,356483
"1981","3",7835,0.95,0.48,0.549,464374
"1981","4",3988,0.978,0.549,0.569,539800
"1981","5",2553,1,0.617,0.642,595622
"1981","6",4571,1,0.658,0.665,641933
"1981","7",4983,1,0.682,0.682,674565
"1981","8",2054,1,0.714,0.71,718071
"1981","9",664,1,0.744,0.754,731813
"1981","10",344,1,0.798,0.798,799332
"1982","1",13994,0.147,0.163,0.109,259176
"1982","2",4498,0.831,0.359,0.389,356508
"1982","3",1633,0.951,0.488,0.565,464406
"1982","4",4177,0.98,0.568,0.64,539837
"1982","5",598,1,0.639,0.708,595663
"1982","6",2335,1,0.685,0.748,641978
"1982","7",3065,1,0.709,0.739,674612
"1982","8",4116,1,0.733,0.755,718121
"1982","9",1068,1,0.757,0.757,731864
"1982","10",1346,1,0.81,0.858,799388
"1983","1",78918,0.145,0.154,0.133,259447
"1983","2",17821,0.76,0.335,0.298,356881
"1983","3",7124,0.95,0.462,0.359,464892
"1983","4",558,0.981,0.556,0.479,540403
"1983","5",650,1,0.636,0.633,596287
"1983","6",74,1,0.682,0.679,642650
"1983","7",60,1,0.709,0.768,675319
"1983","8",198,1,0.733,0.75,718873
"1983","9",448,1,0.748,0.762,732630
"1983","10",256,1,0.793,0.778,800225
"1984","1",42,0.147,0.15,0.22,259737
"1984","2",26081,0.712,0.317,0.301,357280
"1984","3",14354,0.957,0.435,0.434,465412
"1984","4",1190,0.985,0.53,0.514,541007
"1984","5",279,1,0.627,0.695,596953
"1984","6",628,1,0.684,0.725,643369
"1984","7",136,1,0.713,0.73,676074
"1984","8",180,1,0.739,0.818,719677
"1984","9",708,1,0.753,0.788,733450
"1984","10",2526,1,0.789,0.823,801120
"1985","1",24874,0.171,0.148,0.143,260153
"1985","2",1026,0.715,0.313,0.346,357851
"1985","3",52656,0.967,0.416,0.361,466156
"1985","4",10199,0.99,0.504,0.462,541872
"1985","5",719,1,0.604,0.583,597908
"1985","6",232,1,0.682,0.707,644397
"1985","7",885,1,0.722,0.721,677155
"1985","8",197,1,0.75,0.717,720827
"1985","9",134,1,0.768,0.789,734622
"1985","10",2121,1,0.803,0.865,802401
"1986","1",2405,0.217,0.147,0.158,260682
"1986","2",15674,0.751,0.308,0.288,358579
"1986","3",5864,0.973,0.408,0.403,467104
"1986","4",45165,0.993,0.479,0.414,542974
"1986","5",7578,1,0.57,0.494,599124
"1986","6",535,1,0.652,0.593,645708
"1986","7",217,1,0.715,0.754,678532
"1986","8",245,1,0.755,0.812,722293
"1986","9",76,1,0.774,0.829,736116
"1986","10",751,1,0.813,0.853,804032
"1987","1",1812,0.266,0.144,0.212,261097
"1987","2",5616,0.802,0.303,0.308,359149
"1987","3",8866,0.977,0.398,0.41,467847
"1987","4",2834,0.995,0.466,0.467,543838
"1987","5",35731,1,0.539,0.489,600077
"1987","6",4405,1,0.612,0.574,646735
"1987","7",168,1,0.679,0.614,679611
"1987","8",113,1,0.742,0.76,723442
"1987","9",50,1,0.774,0.913,737287
"1987","10",269,1,0.814,0.895,805312
"1988","1",25187,0.304,0.141,0.128,261500
"1988","2",1981,0.85,0.301,0.359,359704
"1988","3",1896,0.978,0.398,0.434,468571
"1988","4",2716,0.995,0.461,0.486,544678
"1988","5",2635,1,0.531,0.527,601005
"1988","6",26505,1,0.586,0.559,647735
"1988","7",3466,1,0.646,0.629,680662
"1988","8",180,1,0.715,0.714,724560
"1988","9",96,1,0.772,0.857,738427
"1988","10",417,1,0.825,0.878,806556
"1989","1",6973,0.342,0.139,0.156,261939
"1989","2",13161,0.878,0.296,0.315,360308
"1989","3",1653,0.975,0.397,0.457,469356
"1989","4",966,0.993,0.464,0.534,545592
"1989","5",1057,1,0.529,0.612,602012
"1989","6",603,1,0.582,0.637,648821
"1989","7",16674,1,0.622,0.661,681803
"1989","8",2036,1,0.685,0.776,725776
"1989","9",277,1,0.748,0.826,739665
"1989","10",866,1,0.828,0.907,807909
"1990","1",668,0.391,0.139,0.271,262294
"1990","2",10057,0.873,0.29,0.295,360796
"1990","3",9736,0.967,0.387,0.4,469993
"1990","4",1870,0.99,0.459,0.557,546332
"1990","5",1336,1,0.527,0.613,602829
"1990","6",1142,1,0.575,0.638,649701
"1990","7",790,1,0.613,0.677,682728
"1990","8",17874,1,0.654,0.668,726760
"1990","9",1097,1,0.71,0.721,740669
"1990","10",173,1,0.796,0.878,809005
"1991","1",2095,0.428,0.137,0.23,262734
"1991","2",8072,0.845,0.29,0.327,361401
"1991","3",16474,0.954,0.381,0.387,470781
"1991","4",8833,0.985,0.449,0.469,547247
"1991","5",1124,1,0.523,0.582,603839
"1991","6",1059,1,0.574,0.621,650790
"1991","7",1289,1,0.607,0.635,683872
"1991","8",1006,1,0.646,0.709,727978
"1991","9",12392,1,0.68,0.693,741910
"1991","10",477,1,0.757,0.893,810361
"1992","1",4773,0.434,0.137,0.163,263322
"1992","2",9503,0.808,0.286,0.276,362210
"1992","3",5505,0.942,0.379,0.393,471835
"1992","4",16736,0.98,0.439,0.446,548472
"1992","5",9205,1,0.51,0.509,605191
"1992","6",1357,1,0.567,0.58,652247
"1992","7",552,1,0.603,0.611,685403
"1992","8",978,1,0.636,0.692,729608
"1992","9",655,1,0.667,0.682,743571
"1992","10",9294,1,0.722,0.709,812175
"1993","1",70,0.42,0.137,0.173,264121
"1993","2",2088,0.771,0.286,0.29,363309
"1993","3",6432,0.931,0.375,0.374,473266
"1993","4",5499,0.975,0.439,0.458,550136
"1993","5",18946,1,0.501,0.484,607027
"1993","6",9797,1,0.555,0.54,654225
"1993","7",1818,1,0.598,0.598,687482
"1993","8",714,1,0.635,0.648,731821
"1993","9",681,1,0.661,0.69,745826
"1993","10",6796,1,0.712,0.712,814639
"1994","1",2311,0.406,0.139,0.239,264780
"1994","2",1315,0.742,0.291,0.345,364216
"1994","3",9949,0.92,0.38,0.373,474448
"1994","4",9355,0.97,0.44,0.455,551510
"1994","5",2683,1,0.507,0.535,608543
"1994","6",11969,1,0.552,0.527,655859
"1994","7",3754,1,0.592,0.585,689199
"1994","8",550,1,0.638,0.634,733648
"1994","9",338,1,0.668,0.694,747689
"1994","10",1523,1,0.713,0.723,816673
"1995","1",8310,0.415,0.14,0.198,265662
"1995","2",7697,0.727,0.297,0.336,365429
"1995","3",1089,0.91,0.391,0.45,476028
"1995","4",8018,0.963,0.451,0.476,553347
"1995","5",5814,1,0.514,0.515,610569
"1995","6",1607,1,0.566,0.595,658043
"1995","7",5627,1,0.597,0.602,691494
"1995","8",1981,1,0.64,0.647,736092
"1995","9",255,1,0.679,0.723,750179
"1995","10",443,1,0.73,0.793,819392
"1996","1",3950,0.453,0.14,0.206,266565
"1996","2",8875,0.733,0.299,0.323,366671
"1996","3",8578,0.902,0.399,0.445,477646
"1996","4",1027,0.957,0.464,0.536,555227
"1996","5",5772,1,0.527,0.555,612645
"1996","6",6352,1,0.572,0.601,660280
"1996","7",1234,1,0.611,0.644,693845
"1996","8",5106,1,0.643,0.667,738594
"1996","9",1140,1,0.68,0.716,752729
"1996","10",337,1,0.741,0.805,822178
"1997","1",8943,0.476,0.14,0.219,267489
"1997","2",13843,0.751,0.3,0.351,367943
"1997","3",9997,0.906,0.402,0.447,479302
"1997","4",4822,0.959,0.474,0.525,557153
"1997","5",773,1,0.542,0.593,614769
"1997","6",3583,1,0.587,0.591,662570
"1997","7",2896,1,0.619,0.643,696251
"1997","8",660,1,0.659,0.743,741155
"1997","9",3285,1,0.685,0.704,755339
"1997","10",481,1,0.743,0.744,825029
"1998","1",2309,0.454,0.141,0.155,268514
"1998","2",22532,0.769,0.301,0.244,369353
"1998","3",10384,0.92,0.404,0.398,481139
"1998","4",8602,0.968,0.478,0.505,559288
"1998","5",3293,1,0.554,0.569,617126
"1998","6",268,1,0.604,0.62,665109
"1998","7",1603,1,0.636,0.658,698919
"1998","8",1272,1,0.668,0.661,743996
"1998","9",246,1,0.703,0.71,758234
"1998","10",1041,1,0.749,0.714,828191
"1999","1",2117,0.415,0.14,0.19,269572
"1999","2",7213,0.79,0.299,0.278,370807
"1999","3",15843,0.939,0.4,0.408,483034
"1999","4",7631,0.979,0.475,0.478,561491
"1999","5",3982,1,0.553,0.547,619556
"1999","6",1397,1,0.611,0.602,667729
"1999","7",231,1,0.647,0.667,701672
"1999","8",529,1,0.679,0.665,746926
"1999","9",496,1,0.704,0.708,761220
"1999","10",197,1,0.76,0.712,831453
"2000","1",34934,0.393,0.137,0.179,270690
"2000","2",6038,0.819,0.295,0.294,372345
"2000","3",4677,0.957,0.396,0.375,485037
"2000","4",7604,0.987,0.468,0.465,563820
"2000","5",2545,1,0.545,0.552,622126
"2000","6",1499,1,0.606,0.604,670498
"2000","7",268,1,0.651,0.653,704582
"2000","8",52,1,0.687,0.726,750024
"2000","9",197,1,0.711,0.713,764377
"2000","10",150,1,0.757,0.703,834901
"2001","1",5084,0.405,0.136,0.151,271847
"2001","2",45546,0.848,0.29,0.291,373937
"2001","3",9929,0.97,0.391,0.423,487111
"2001","4",3823,0.991,0.464,0.486,566230
"2001","5",4717,1,0.54,0.569,624785
"2001","6",1140,1,0.6,0.639,673365
"2001","7",872,1,0.647,0.686,707594
"2001","8",154,1,0.693,0.729,753230
"2001","9",46,1,0.722,0.842,767645
"2001","10",85,1,0.767,0.774,838471
"2002","1",3257,0.409,0.135,0.168,272812
"2002","2",6208,0.86,0.284,0.277,375264
"2002","3",71875,0.978,0.379,0.379,488839
"2002","4",6277,0.993,0.452,0.451,568239
"2002","5",1869,1,0.528,0.517,627002
"2002","6",1652,1,0.586,0.605,675753
"2002","7",309,1,0.632,0.634,710105
"2002","8",147,1,0.68,0.681,755902
"2002","9",15,1,0.719,0.692,770369
"2002","10",25,1,0.769,0.731,841445
"2003","1",3488,0.343,0.134,0.218,273816
"2003","2",6495,0.847,0.281,0.311,376646
"2003","3",7141,0.986,0.371,0.377,490639
"2003","4",73199,0.995,0.439,0.468,570331
"2003","5",6927,1,0.514,0.532,629311
"2003","6",895,1,0.573,0.617,678242
"2003","7",743,1,0.617,0.678,712720
"2003","8",49,1,0.664,0.709,758686
"2003","9",2,1,0.705,0.848,773205
"2003","10",0,1,0.764,0.706,844544
"2004","1",43886,0.228,0.132,0.202,274758
"2004","2",28441,0.813,0.278,0.289,377941
"2004","3",7049,0.992,0.367,0.39,492327
"2004","4",5617,0.998,0.428,0.479,572293
"2004","5",54033,1,0.498,0.541,631475
"2004","6",2144,1,0.558,0.588,680575
"2004","7",805,1,0.602,0.655,715171
"2004","8",421,1,0.647,0.773,761295
"2004","9",7,1,0.688,0.71,775865
"2004","10",0,1,0.749,0.681,847448
"2005","1",15975,0.125,0.132,0.108,275750
"2005","2",53982,0.78,0.277,0.288,379306
"2005","3",30633,0.996,0.366,0.366,494104
"2005","4",5588,0.999,0.426,0.452,574359
"2005","5",4103,1,0.489,0.516,633755
"2005","6",34126,1,0.543,0.596,683032
"2005","7",1550,1,0.59,0.631,717753
"2005","8",291,1,0.635,0.672,764044
"2005","9",106,1,0.674,0.73,778666
"2005","10",26,1,0.735,0.656,850508
"2006","1",44178,0.066,0.131,0.22,276590
"2006","2",15490,0.772,0.278,0.316,380462
"2006","3",45343,0.996,0.367,0.417,495610
"2006","4",22877,1,0.428,0.473,576110
"2006","5",3229,1,0.491,0.529,635686
"2006","6",1633,1,0.538,0.547,685113
"2006","7",9884,1,0.579,0.641,719940
"2006","8",275,1,0.627,0.708,766372
"2006","9",20,1,0.667,0.634,781039
"2006","10",0,1,0.726,0.633,853100
"2007","1",2232,0.053,0.132,0.207,277086
"2007","2",32888,0.783,0.277,0.318,381143
"2007","3",22434,0.994,0.367,0.434,496497
"2007","4",45128,1,0.428,0.502,577141
"2007","5",9469,1,0.492,0.587,636824
"2007","6",1418,1,0.538,0.613,686340
"2007","7",949,1,0.572,0.676,721229
"2007","8",3970,1,0.614,0.714,767744
"2007","9",22,1,0.657,0.757,782437
"2007","10",5,1,0.717,0.693,854627
"2008","1",21028,0.087,0.134,0.165,277414
"2008","2",7034,0.795,0.282,0.302,381595
"2008","3",28852,0.99,0.37,0.423,497086
"2008","4",7699,0.999,0.435,0.505,577825
"2008","5",11794,1,0.498,0.535,637580
"2008","6",1102,1,0.546,0.613,687154
"2008","7",303,1,0.579,0.682,722084
"2008","8",130,1,0.614,0.584,768655
"2008","9",681,1,0.651,0.706,783365
"2008","10",2,1,0.714,0.767,855641
"2009","1",52872,0.156,0.136,0.204,277605
"2009","2",26612,0.811,0.288,0.318,381857
"2009","3",7421,0.985,0.379,0.418,497428
"2009","4",25230,0.998,0.441,0.489,578223
"2009","5",4802,1,0.509,0.578,638019
"2009","6",7001,1,0.556,0.591,687627
"2009","7",221,1,0.592,0.66,722582
"2009","8",83,1,0.626,0.619,769184
"2009","9",6,1,0.655,0.784,783904
"2009","10",509,1,0.713,0.803,856230
"2010","1",8928,0.246,0.137,0.085,277916
"2010","2",34960,0.834,0.29,0.357,382285
"2010","3",29991,0.982,0.384,0.435,497985
"2010","4",4794,0.998,0.448,0.5,578871
"2010","5",12722,1,0.512,0.564,638733
"2010","6",1543,1,0.564,0.645,688397
"2010","7",2312,1,0.598,0.651,723391
"2010","8",98,1,0.635,0.635,770045
"2010","9",1,1,0.663,0.834,784782
"2010","10",60,1,0.712,0.705,857189
"2011","1",6495,0.32,0.138,0.18,278261
"2011","2",2721,0.867,0.292,0.285,382760
"2011","3",13411,0.984,0.387,0.412,498604
"2011","4",4863,0.998,0.454,0.473,579590
"2011","5",440,1,0.52,0.552,639526
"2011","6",2011,1,0.567,0.566,689252
"2011","7",188,1,0.606,0.684,724289
"2011","8",291,1,0.641,0.632,771002
"2011","9",19,1,0.671,0.676,785757
"2011","10",17,1,0.72,0.706,858253
"2012","1",475,0.347,0.137,0.22,278442
"2012","2",12219,0.895,0.29,0.338,383009
"2012","3",2079,0.989,0.386,0.406,498929
"2012","4",2988,0.999,0.453,0.496,579967
"2012","5",266,1,0.521,0.552,639943
"2012","6",26,1,0.571,0.639,689701
"2012","7",55,1,0.604,0.768,724761
"2012","8",4,1,0.643,0.648,771504
"2012","9",2,1,0.672,0.648,786269
"2012","10",0,1,0.722,0.708,858812
"2013","1",850,0.308,0.138,0.176,278910
"2013","2",6044,0.896,0.291,0.287,383653
"2013","3",12723,0.994,0.387,0.424,499767
"2013","4",602,0.999,0.454,0.47,580942
"2013","5",1654,1,0.524,0.545,641018
"2013","6",101,1,0.576,0.561,690860
"2013","7",0,1,0.611,0.641,725979
"2013","8",5,1,0.645,0.62,772801
"2013","9",0,1,0.678,0.663,787590
"2013","10",0,1,0.727,0.708,860256
"2014","1",1278,0.238,0.14,0.188,279235
"2014","2",3465,0.864,0.297,0.348,384099
"2014","3",7058,0.996,0.391,0.427,500348
"2014","4",4072,1,0.46,0.509,581618
"2014","5",83,1,0.531,0.582,641764
"2014","6",63,1,0.585,0.691,691663
"2014","7",1,1,0.624,0.742,726823
"2014","8",1,1,0.661,0.671,773699
"2014","9",0,1,0.688,0.678,788506
"2014","10",0,1,0.742,0.708,861256
"2015","1",3699,0.162,0.14,0.174,279454
"2015","2",4074,0.796,0.297,0.283,384401
"2015","3",1997,0.995,0.395,0.411,500741
"2015","4",2115,1,0.46,0.479,582074
"2015","5",952,1,0.532,0.575,642268
"2015","6",124,1,0.587,0.623,692206
"2015","7",13,1,0.627,0.591,727394
"2015","8",4,1,0.667,0.487,774307
"2015","9",0,1,0.697,0.693,789125
"2015","10",0,1,0.745,0.708,861932
"2016","1",7803,0.096,0.138,0.147,279492
"2016","2",7457,0.696,0.294,0.277,384453
"2016","3",4990,0.992,0.393,0.407,500809
"2016","4",2740,1,0.461,0.484,582153
"2016","5",1930,1,0.529,0.534,642355
"2016","6",757,1,0.584,0.563,692300
"2016","7",30,1,0.624,0.597,727493
"2016","8",1,1,0.665,0.753,774412
"2016","9",0,1,0.698,0.708,789233
"2016","10",0,1,0.749,0.708,862049
"2017","1",68,0.047,0.137,0.163,279409
"2017","2",17349,0.597,0.289,0.211,384339
"2017","3",9914,0.988,0.387,0.334,500661
"2017","4",3152,1,0.458,0.423,581981
"2017","5",1457,1,0.528,0.507,642165
"2017","6",1022,1,0.578,0.532,692096
"2017","7",248,1,0.619,0.57,727278
"2017","8",0,1,0.66,0.696,774183
"2017","9",0,1,0.694,0.722,788999
"2017","10",0,1,0.747,0.708,861795
"2018","1",272,0.022,0.137,0.124,279251
"2018","2",895,0.555,0.289,0.175,384121
"2018","3",23828,0.985,0.384,0.329,500377
"2018","4",5348,1,0.455,0.403,581651
"2018","5",962,1,0.529,0.52,641801
"2018","6",205,1,0.583,0.536,691703
"2018","7",110,1,0.618,0.635,726865
"2018","8",11,1,0.66,0.638,773744
"2018","9",0,1,0.695,0.737,788552
"2018","10",0,1,0.75,0.708,861306
"2019","1",42,0.019,0.138,0.126,279106
"2019","2",5354,0.587,0.289,0.279,383922
"2019","3",7402,0.985,0.383,0.339,500118
"2019","4",9596,1,0.449,0.372,581349
"2019","5",1699,1,0.524,0.5,641468
"2019","6",376,1,0.581,0.573,691344
"2019","7",109,1,0.621,0.613,726488
"2019","8",63,1,0.658,0.638,773342
"2019","9",3,1,0.693,0.752,788142
"2019","10",0,1,0.748,0.708,860859
"2020","1",173.1063,0.031,0.14,0.137,278741
"2020","2",1948.306,0.662,0.293,0.318,383420
"2020","3",7561.676,0.988,0.385,0.387,499464
"2020","4",3214.754,1,0.451,0.439,580589
"2020","5",5713.81,1,0.52,0.454,640629
"2020","6",573.4723,1,0.578,0.539,690440
"2020","7",77.12609,1,0.622,0.619,725538
"2020","8",6.221177,1,0.663,0.631,772331
"2020","9",3.702322,1,0.693,0.773,787112
"2020","10",0,1,0.749,0.683,859733
"2021","1",411.3271,0.053,0.141,0.166,278117
"2021","2",2677.254,0.736,0.298,0.273,382562
"2021","3",2574.393,0.989,0.391,0.38,498346
"2021","4",3748.718,1,0.455,0.445,579290
"2021","5",1053.459,1,0.523,0.494,639195
"2021","6",771.1357,1,0.576,0.515,688895
"2021","7",147.2295,1,0.622,0.629,723914
"2021","8",47.21284,1,0.668,0.573,770603
"2021","9",6.802671,1,0.702,0.758,785350
"2021","10",0,1,0.753,0.68,857809
"2022","1",79.09694,0.081,0.141,0.129,277643
"2022","2",224.1232,0.789,0.298,0.224,381910
"2022","3",99.32515,0.989,0.395,0.348,497497
"2022","4",32.3503,1,0.457,0.425,578303
"2022","5",34.35939,1,0.523,0.496,638107
"2022","6",16.88444,1,0.574,0.579,687722
"2022","7",8.102018,1,0.613,0.577,722681
"2022","8",0.01310103,1,0.66,0.687,769290
"2022","9",0.7839953,1,0.699,0.693,784013
"2022","10",0,1,0.755,0.677,856348
"2023","1",58.93534,0.127,0.13,0.118,274849
"2023","2",106.9092,0.765,0.276,0.19,378066
"2023","3",129.0881,0.983,0.364,0.291,489460
"2023","4",43.26837,1,0.426,0.385,571818
"2023","5",11.88978,1,0.486,0.48,627673
"2023","6",8.517852,1,0.532,0.553,679498
"2023","7",2.19819,1,0.575,0.629,713607
"2023","8",1.229283,1,0.616,0.66,758424
"2023","9",0.4441511,1,0.656,0.663,772165
"2023","10",0.09363664,1,0.715,0.677,842912
"2024","1",336.3807,0.166,0.13,0.111,274391
"2024","2",592.0966,0.783,0.275,0.212,377437
"2024","3",622.023,0.983,0.362,0.259,488646
"2024","4",431.8528,1,0.423,0.321,570866
"2024","5",98.40953,1,0.487,0.429,626628
"2024","6",44.65151,1,0.529,0.47,678367
"2024","7",8.971341,1,0.566,0.613,712419
"2024","8",0.275175,1,0.607,0.474,757162
"2024","9",1.23096,1,0.642,0.667,770880
"2024","10",0,1,0.702,0.764,841510
"2025","1",330.6289,0.131,0.122,0.139,274066
"2025","2",418.5729,0.834,0.259,0.233,376990
"2025","3",222.3875,0.994,0.341,0.32,488067
"2025","4",200.6085,1,0.398,0.371,570190
"2025","5",164.8958,1,0.459,0.446,625886
"2025","6",39.22583,1,0.506,0.521,677564
"2025","7",16.89475,1,0.541,0.545,711575
"2025","8",7.067433,1,0.577,0.612,756265
"2025","9",2.304457,1,0.611,0.663,769967
"2025","10",0.9699,1,0.666,0.854,840513
