year,age,caan,caaw,waa,waa.sd,laa,laa.sd,zero,waa.interpol,note
1968,1,43062,NA,NA,NA,NA,NA,NA,0.177079222,old
1968,2,7157,NA,NA,NA,NA,NA,NA,0.294057302,old
1968,3,10343,NA,NA,NA,NA,NA,NA,0.357661542,old
1968,4,7393,NA,NA,NA,NA,NA,NA,0.458128095,old
1968,5,2819,NA,NA,NA,NA,NA,NA,0.498747629,old
1968,6,1349,NA,NA,NA,NA,NA,NA,0.567788643,old
1968,7,721,NA,NA,NA,NA,NA,NA,0.591951249,old
1968,8,1658,NA,NA,NA,NA,NA,NA,0.61822417,old
1968,9,10425,NA,NA,NA,NA,NA,NA,0.645104219,old
1968,10,97,NA,NA,NA,NA,NA,NA,0.673036736,old
1969,1,5692,NA,NA,NA,NA,NA,NA,0.177079222,old
1969,2,26359,NA,NA,NA,NA,NA,NA,0.294057302,old
1969,3,18057,NA,NA,NA,NA,NA,NA,0.357661542,old
1969,4,2027,NA,NA,NA,NA,NA,NA,0.458128095,old
1969,5,929,NA,NA,NA,NA,NA,NA,0.498747629,old
1969,6,855,NA,NA,NA,NA,NA,NA,0.567788643,old
1969,7,1099,NA,NA,NA,NA,NA,NA,0.591951249,old
1969,8,440,NA,NA,NA,NA,NA,NA,0.61822417,old
1969,9,462,NA,NA,NA,NA,NA,NA,0.645104219,old
1969,10,9656,NA,NA,NA,NA,NA,NA,0.673036736,old
1970,1,20277,NA,NA,NA,NA,NA,NA,0.177079222,old
1970,2,3654,NA,NA,NA,NA,NA,NA,0.294057302,old
1970,3,33584,NA,NA,NA,NA,NA,NA,0.357661542,old
1970,4,8047,NA,NA,NA,NA,NA,NA,0.458128095,old
1970,5,2496,NA,NA,NA,NA,NA,NA,0.498747629,old
1970,6,451,NA,NA,NA,NA,NA,NA,0.567788643,old
1970,7,425,NA,NA,NA,NA,NA,NA,0.591951249,old
1970,8,1578,NA,NA,NA,NA,NA,NA,0.61822417,old
1970,9,1645,NA,NA,NA,NA,NA,NA,0.645104219,old
1970,10,4335,NA,NA,NA,NA,NA,NA,0.673036736,old
1971,1,7156,NA,NA,NA,NA,NA,NA,0.177079222,old
1971,2,7389,NA,NA,NA,NA,NA,NA,0.294057302,old
1971,3,1702,NA,NA,NA,NA,NA,NA,0.357661542,old
1971,4,35931,NA,NA,NA,NA,NA,NA,0.458128095,old
1971,5,7620,NA,NA,NA,NA,NA,NA,0.498747629,old
1971,6,1753,NA,NA,NA,NA,NA,NA,0.567788643,old
1971,7,2203,NA,NA,NA,NA,NA,NA,0.591951249,old
1971,8,1526,NA,NA,NA,NA,NA,NA,0.61822417,old
1971,9,1879,NA,NA,NA,NA,NA,NA,0.645104219,old
1971,10,5517,NA,NA,NA,NA,NA,NA,0.673036736,old
1972,1,1,NA,NA,NA,NA,NA,NA,0.177079222,old
1972,2,136,NA,NA,NA,NA,NA,NA,0.294057302,old
1972,3,4401,NA,NA,NA,NA,NA,NA,0.357661542,old
1972,4,5541,NA,NA,NA,NA,NA,NA,0.458128095,old
1972,5,24826,NA,NA,NA,NA,NA,NA,0.498747629,old
1972,6,4975,NA,NA,NA,NA,NA,NA,0.567788643,old
1972,7,5248,NA,NA,NA,NA,NA,NA,0.591951249,old
1972,8,77,NA,NA,NA,NA,NA,NA,0.61822417,old
1972,9,546,NA,NA,NA,NA,NA,NA,0.645104219,old
1972,10,6833,NA,NA,NA,NA,NA,NA,0.673036736,old
1973,1,9176,NA,NA,NA,NA,NA,NA,0.177079222,old
1973,2,20624,NA,NA,NA,NA,NA,NA,0.294057302,old
1973,3,9649,NA,NA,NA,NA,NA,NA,0.357661542,old
1973,4,9333,NA,NA,NA,NA,NA,NA,0.458128095,old
1973,5,13972,NA,NA,NA,NA,NA,NA,0.498747629,old
1973,6,22293,NA,NA,NA,NA,NA,NA,0.567788643,old
1973,7,8317,NA,NA,NA,NA,NA,NA,0.591951249,old
1973,8,2771,NA,NA,NA,NA,NA,NA,0.61822417,old
1973,9,837,NA,NA,NA,NA,NA,NA,0.645104219,old
1973,10,1603,NA,NA,NA,NA,NA,NA,0.673036736,old
1974,1,8618,NA,NA,NA,NA,NA,NA,0.177079222,old
1974,2,24340,NA,NA,NA,NA,NA,NA,0.294057302,old
1974,3,26703,NA,NA,NA,NA,NA,NA,0.357661542,old
1974,4,14602,NA,NA,NA,NA,NA,NA,0.458128095,old
1974,5,12594,NA,NA,NA,NA,NA,NA,0.498747629,old
1974,6,12417,NA,NA,NA,NA,NA,NA,0.567788643,old
1974,7,15377,NA,NA,NA,NA,NA,NA,0.591951249,old
1974,8,4053,NA,NA,NA,NA,NA,NA,0.61822417,old
1974,9,1714,NA,NA,NA,NA,NA,NA,0.645104219,old
1974,10,1749,NA,NA,NA,NA,NA,NA,0.673036736,old
1975,1,14206,NA,NA,NA,NA,NA,NA,0.177079222,old
1975,2,24905,NA,NA,NA,NA,NA,NA,0.294057302,old
1975,3,13049,NA,NA,NA,NA,NA,NA,0.357661542,old
1975,4,11636,NA,NA,NA,NA,NA,NA,0.458128095,old
1975,5,7052,NA,NA,NA,NA,NA,NA,0.498747629,old
1975,6,7526,NA,NA,NA,NA,NA,NA,0.567788643,old
1975,7,5456,NA,NA,NA,NA,NA,NA,0.591951249,old
1975,8,3917,NA,NA,NA,NA,NA,NA,0.61822417,old
1975,9,825,NA,NA,NA,NA,NA,NA,0.645104219,old
1975,10,581,NA,NA,NA,NA,NA,NA,0.673036736,old
1976,1,5079.501292,899.4741358,0.177079222,0.042600944,258.4160895,18.1327355,FALSE,0.177079222,new
1976,2,37834.51507,11125.51544,0.294057302,0.041738156,300.8534343,14.35035525,FALSE,0.294057302,new
1976,3,28806.25029,10302.88791,0.357661542,0.04491333,317.0961752,12.3281745,FALSE,0.357661542,new
1976,4,6418.632586,2940.555918,0.458128095,0.055849739,341.3735594,12.8717496,FALSE,0.458128095,new
1976,5,4401.106621,2195.041494,0.498747629,0.062347347,350.5642619,13.69265561,FALSE,0.498747629,new
1976,6,2358.579161,1339.174461,0.567788643,0.074260942,365.1985516,14.66751388,FALSE,0.567788643,new
1976,7,2919.038806,1727.928668,0.591951249,0.067167909,370.2336419,12.40402643,FALSE,0.591951249,new
1976,8,2007.850813,1241.301903,0.61822417,0.074445215,374.9160209,13.11614186,FALSE,0.61822417,new
1976,9,1341.21266,865.2219451,0.645104219,0.079700527,380.0261978,13.94001354,FALSE,0.645104219,new
1976,10,635.763575,427.8922411,0.673036736,0.087941743,385.2225316,15.03316951,FALSE,0.673036736,new
1977,1,4738.161802,581.6608719,0.122760871,0.038143701,228.1452731,17.27263259,FALSE,0.122760871,new
1977,2,14741.38478,4372.123012,0.296588352,0.040655342,298.8390641,12.46221994,FALSE,0.296588352,new
1977,3,29710.35451,11231.07514,0.378018887,0.043345058,321.4015826,10.93190287,FALSE,0.378018887,new
1977,4,8830.522816,3844.134699,0.435323568,0.045430124,334.7316606,10.01240138,FALSE,0.435323568,new
1977,5,1637.201014,835.069918,0.510059492,0.062091581,350.2122578,12.26812678,FALSE,0.510059492,new
1977,6,912.6586195,511.3784948,0.560317389,0.076285243,360.203064,14.52241497,FALSE,0.560317389,new
1977,7,615.5577662,386.7904494,0.628357679,0.058838498,373.3889,10.51252782,FALSE,0.628357679,new
1977,8,656.2506794,430.058813,0.655327037,0.081059678,378.001398,14.03151572,FALSE,0.655327037,new
1977,9,402.4258623,268.9847905,0.66840831,0.108506639,380.8155052,17.81778396,FALSE,0.66840831,new
1977,10,416.0373366,303.7213984,0.730033994,0.097147386,391.1966704,15.41099062,FALSE,0.730033994,new
1978,1,78.14057694,14.34150639,0.183534688,0.024030929,255.336264,14.53731169,FALSE,0.183534688,new
1978,2,2800.562832,866.5309431,0.309413141,0.038626396,304.4072658,12.12594848,FALSE,0.309413141,new
1978,3,12088.15035,4955.92562,0.409982129,0.052131524,332.2721885,13.19893972,FALSE,0.409982129,new
1978,4,25956.17957,11771.50575,0.453514575,0.038389528,343.0888307,9.036761199,FALSE,0.453514575,new
1978,5,10683.10382,5209.04878,0.487596944,0.045232282,350.6653234,10.294424,FALSE,0.487596944,new
1978,6,2357.448766,1273.118027,0.540040592,0.048789511,362.2343628,10.3485376,FALSE,0.540040592,new
1978,7,1152.7101,683.3529567,0.592822911,0.055244824,372.7994965,11.61943327,FALSE,0.592822911,new
1978,8,545.3658614,344.9840243,0.63257356,0.058753109,381.2524264,11.91117545,FALSE,0.63257356,new
1978,9,685.4287523,472.7642562,0.689735081,0.08451733,392.0468399,15.41186754,FALSE,0.689735081,new
1978,10,448.4948116,307.4259258,0.685461499,0.081939498,391.8189728,15.98542197,FALSE,0.685461499,new
1979,1,6741.707795,1105.760573,0.164017873,0.025291688,252.6350599,11.38423792,FALSE,0.164017873,new
1979,2,11350.48709,2792.767752,0.246048273,0.043854103,285.3330885,14.8442603,FALSE,0.246048273,new
1979,3,1891.770797,785.6532268,0.415300431,0.081886171,331.7187879,21.09853151,FALSE,0.415300431,new
1979,4,7476.311098,3791.687125,0.507160159,0.041313237,353.6205926,9.245767281,FALSE,0.507160159,new
1979,5,18990.11764,10086.81466,0.531161252,0.040952548,358.5197834,8.512444661,FALSE,0.531161252,new
1979,6,11867.36647,6690.151269,0.563743547,0.049473965,364.922612,9.725934885,FALSE,0.563743547,new
1979,7,4833.92775,2824.717579,0.584352461,0.053470781,368.9201157,9.976746276,FALSE,0.584352461,new
1979,8,1588.915749,1038.534876,0.653612299,0.071981342,381.2566247,13.2995034,FALSE,0.653612299,new
1979,9,1095.995135,740.8509391,0.675961886,0.084242044,385.051541,15.06158224,FALSE,0.675961886,new
1979,10,1042.804294,755.0483164,0.724055627,0.075912987,393.8119071,12.63810479,FALSE,0.724055627,new
1980,1,54.79819927,11.06545489,0.201930995,0.007456319,255.2487973,2.745834759,FALSE,0.201930995,new
1980,2,5643.863451,2312.837654,0.409796884,0.046696428,323.3298816,12.78477384,FALSE,0.409796884,new
1980,3,6817.995111,3009.667116,0.441429932,0.04283684,331.3272358,11.30706076,FALSE,0.441429932,new
1980,4,2593.463622,1354.314096,0.52220285,0.069539504,350.2357959,15.47635331,FALSE,0.52220285,new
1980,5,5095.80509,3029.490857,0.594506816,0.057498959,365.9929729,12.12311943,FALSE,0.594506816,new
1980,6,10050.626,6150.831134,0.611984879,0.054734997,369.5589489,11.13550556,FALSE,0.611984879,new
1980,7,5681.028013,3615.689103,0.636449793,0.055092687,374.4427784,10.87939774,FALSE,0.636449793,new
1980,8,1925.068438,1308.188616,0.679554342,0.056790278,382.454601,10.93080303,FALSE,0.679554342,new
1980,9,1120.495873,804.2664697,0.717777271,0.072760591,389.4953486,12.93371465,FALSE,0.717777271,new
1980,10,949.1699572,699.606953,0.737072373,0.066292033,392.4648322,11.21542517,FALSE,0.737072373,new
1981,1,9476.717491,1730.436752,0.182598748,0.024010832,255.4661726,11.92272138,FALSE,0.182598748,new
1981,2,1758.223733,745.404297,0.42395304,0.049152153,331.367878,11.60550317,FALSE,0.42395304,new
1981,3,7835.354099,4301.164311,0.548943195,0.060528668,358.9061269,12.2496107,FALSE,0.548943195,new
1981,4,3988.070343,2270.531353,0.569330819,0.059659528,362.9122101,12.24038115,FALSE,0.569330819,new
1981,5,2552.74039,1639.317532,0.642179494,0.045618108,377.3853106,8.369845863,FALSE,0.642179494,new
1981,6,4571.194865,3038.806923,0.664773,0.054570396,381.7934201,9.571999572,FALSE,0.664773,new
1981,7,4982.618684,3396.171771,0.681603788,0.061629759,384.6288336,10.66980696,FALSE,0.681603788,new
1981,8,2053.560274,1457.160407,0.709577618,0.065017795,389.4462679,10.95828546,FALSE,0.709577618,new
1981,9,664.3555517,501.2141309,0.754436581,0.075694082,397.2662294,12.24289157,FALSE,0.754436581,new
1981,10,344.2375756,274.7797594,0.798227093,0.088673669,404.2196078,13.84400432,FALSE,0.798227093,new
1982,1,13993.57592,1531.534958,0.109445575,0.058642197,218.6482039,35.15309149,FALSE,0.109445575,new
1982,2,4497.809512,1749.109911,0.388880389,0.055679382,325.1771553,13.72143116,FALSE,0.388880389,new
1982,3,1632.539469,922.3733066,0.56499296,0.079483235,362.4794963,15.45630176,FALSE,0.56499296,new
1982,4,4177.067081,2673.295448,0.63999342,0.067457534,376.2248021,11.80388236,FALSE,0.63999342,new
1982,5,597.810184,423.440158,0.708318743,0.071889314,387.5317304,11.34807814,FALSE,0.708318743,new
1982,6,2335.089801,1746.196233,0.747806886,0.084659656,393.6087475,12.47013636,FALSE,0.747806886,new
1982,7,3065.017322,2265.798082,0.739244788,0.068502486,392.4404407,10.517964,FALSE,0.739244788,new
1982,8,4116.002421,3108.131471,0.755133538,0.077343971,394.7989817,11.64353033,FALSE,0.755133538,new
1982,9,1068.156366,808.8370527,0.757227199,0.067294031,395.2364492,10.10342821,FALSE,0.757227199,new
1982,10,1345.866106,1154.313815,0.85767359,0.133471394,409.1487561,17.75792065,FALSE,0.85767359,new
1983,1,78917.59019,10467.93806,0.132643914,0.046847879,232.3016494,22.57138048,FALSE,0.132643914,new
1983,2,17820.83001,5316.588108,0.298335605,0.084270047,296.989117,28.50937892,FALSE,0.298335605,new
1983,3,7124.267921,2557.349472,0.358963124,0.083822371,315.5878192,20.93388654,FALSE,0.358963124,new
1983,4,558.3043575,267.4653984,0.479067367,0.131843836,343.513122,27.67222774,FALSE,0.479067367,new
1983,5,650.284795,411.5353309,0.632853996,0.117260037,375.0371234,23.52312377,FALSE,0.632853996,new
1983,6,73.93310718,50.20455818,0.679053811,0.088396012,384.5169874,17.05128054,FALSE,0.679053811,new
1983,7,59.97624386,46.05694992,0.767919879,0.085716851,399.4651134,14.40750005,FALSE,0.767919879,new
1983,8,197.5981803,148.2010055,0.750011996,0.059063407,397.0730647,9.66385057,FALSE,0.750011996,new
1983,9,448.0270019,341.4319446,0.762078944,0.071139754,398.73847,12.12187881,FALSE,0.762078944,new
1983,10,256.1418059,199.3561007,0.778303643,0.089867203,401.1664779,15.92466071,FALSE,0.778303643,new
1984,1,41.91756108,9.223697344,0.22004375,0.020783046,272.3622563,8.152819687,FALSE,0.22004375,new
1984,2,26081.08943,7855.58242,0.301198401,0.044553885,299.8594816,13.50678897,FALSE,0.301198401,new
1984,3,14354.12832,6225.205972,0.433687496,0.060142654,335.6092571,14.3148667,FALSE,0.433687496,new
1984,4,1189.929607,611.1142171,0.513571739,0.104361477,353.4029984,22.92304387,FALSE,0.513571739,new
1984,5,278.7624767,193.7216319,0.69493439,0.088895084,389.3321958,15.5340845,FALSE,0.69493439,new
1984,6,628.068835,455.2975431,0.72491663,0.075446709,394.7518742,12.70484769,FALSE,0.72491663,new
1984,7,136.1325628,99.41289303,0.730265345,0.06103155,396.7278673,10.5361178,FALSE,0.730265345,new
1984,8,180.0050963,147.3029731,0.818326682,0.096202169,411.6221355,14.42030495,FALSE,0.818326682,new
1984,9,707.5489359,557.3364509,0.787700218,0.081498959,405.5356321,12.66001914,FALSE,0.787700218,new
1984,10,2525.681794,2078.385121,0.822900623,0.0998645,410.6555543,13.83033249,FALSE,0.822900623,new
1985,1,24874.21537,3551.860271,0.142792857,0.030012484,242.4746063,14.47198452,FALSE,0.142792857,new
1985,2,1025.943143,354.9657604,0.3459897,0.06000726,315.2418737,18.76625998,FALSE,0.3459897,new
1985,3,52656.32002,18983.9032,0.360524685,0.04698099,319.5530437,12.31354158,FALSE,0.360524685,new
1985,4,10198.52989,4711.525648,0.461980864,0.084833242,344.7704794,20.09149403,FALSE,0.461980864,new
1985,5,718.8368952,419.1094988,0.58303838,0.088509838,371.0532976,18.85539478,FALSE,0.58303838,new
1985,6,231.6527489,163.7027578,0.706673064,0.197689087,389.4576946,36.81336533,FALSE,0.706673064,new
1985,7,885.0982942,638.2091568,0.721060204,0.090562866,395.5863938,15.51682693,FALSE,0.721060204,new
1985,8,197.3852384,141.5659352,0.717206293,0.073918931,393.1237319,11.57712868,FALSE,0.717206293,new
1985,9,134.2357981,105.9388267,0.789199515,0.096866744,407.0688236,13.91701319,FALSE,0.789199515,new
1985,10,2120.976562,1835.16505,0.865245323,0.118179147,418.1302339,16.05396403,FALSE,0.865245323,new
1986,1,2405.214277,378.8341872,0.157505379,0.019156211,252.4261359,9.296728239,FALSE,0.157505379,new
1986,2,15673.76911,4511.373137,0.287829501,0.031924374,302.077986,9.853834125,FALSE,0.287829501,new
1986,3,5864.484911,2365.299456,0.403326037,0.055038993,333.5723267,13.69081941,FALSE,0.403326037,new
1986,4,45164.67228,18713.87531,0.414347639,0.054369265,336.1423088,12.84649249,FALSE,0.414347639,new
1986,5,7577.800496,3742.996945,0.493942398,0.084947367,353.3241891,17.82625026,FALSE,0.493942398,new
1986,6,535.0459023,317.120235,0.59269725,0.093706712,372.7868602,16.81672731,FALSE,0.59269725,new
1986,7,217.155699,163.6471192,0.753593481,0.069844262,401.1693445,10.08507832,FALSE,0.753593481,new
1986,8,245.3419199,199.1075065,0.811551106,0.069232886,410.3975377,10.98266419,FALSE,0.811551106,new
1986,9,76.37087242,63.32410679,0.829165686,0.053947658,412.9744599,7.492361224,FALSE,0.829165686,new
1986,10,751.4723575,641.3678494,0.853481626,0.083527362,416.4634527,11.9722601,FALSE,0.853481626,new
1987,1,1811.644451,384.9090715,0.212463914,0.038498608,275.4334962,14.61662781,FALSE,0.212463914,new
1987,2,5615.518792,1730.891111,0.308233518,0.048509598,306.6391261,13.70098536,FALSE,0.308233518,new
1987,3,8866.47158,3631.588446,0.409586656,0.047363961,333.0401142,11.12621533,FALSE,0.409586656,new
1987,4,2833.713403,1323.622172,0.467098109,0.058321454,345.7766968,12.44225879,FALSE,0.467098109,new
1987,5,35731.28007,17483.60674,0.489308155,0.056763379,350.9400977,11.79515664,FALSE,0.489308155,new
1987,6,4405.088215,2528.888534,0.574083517,0.093151677,367.8720077,17.62319608,FALSE,0.574083517,new
1987,7,167.9571579,103.1688087,0.614256695,0.128815891,374.2248897,20.7809809,FALSE,0.614256695,new
1987,8,112.8619801,85.77319783,0.759983103,0.106883381,401.6446632,16.28632436,FALSE,0.759983103,new
1987,9,50.08500403,45.70613154,0.912571186,0.10087723,420.0330703,12.39899275,FALSE,0.912571186,new
1987,10,269.1826427,240.8283411,0.894665193,0.092076655,420.2892311,9.649308954,FALSE,0.894665193,new
1988,1,25187.34428,3212.526756,0.127545275,0.019412428,234.2627491,9.400829567,FALSE,0.127545275,new
1988,2,1981.064203,710.3344561,0.358562057,0.05691791,315.7346889,16.74349992,FALSE,0.358562057,new
1988,3,1895.810408,823.3620224,0.434306099,0.056512746,335.5178577,12.93970588,FALSE,0.434306099,new
1988,4,2715.571065,1318.969022,0.485705949,0.051216595,348.2867664,10.50742737,FALSE,0.485705949,new
1988,5,2635.488419,1387.891021,0.526616247,0.05658035,357.4076842,11.04864699,FALSE,0.526616247,new
1988,6,26504.56928,14805.32337,0.558595132,0.067600514,362.5807688,11.88188486,FALSE,0.558595132,new
1988,7,3466.353848,2181.329265,0.62928638,0.088987844,376.7002822,14.83157806,FALSE,0.62928638,new
1988,8,180.0612881,128.6422887,0.714436124,0.145310309,391.7376204,21.16488144,FALSE,0.714436124,new
1988,9,95.5454417,81.88236612,0.85699919,0.251625465,418.6924951,33.98381301,FALSE,0.85699919,new
1988,10,416.7824001,365.7706452,0.877605785,0.098287118,417.6704274,10.5027192,FALSE,0.877605785,new
1989,1,6972.853404,1084.882962,0.155586659,0.041472804,248.5700354,18.38273415,FALSE,0.155586659,new
1989,2,13160.78025,4141.160302,0.314659178,0.077193712,303.6986117,20.70074905,FALSE,0.314659178,new
1989,3,1653.108604,756.2327424,0.457461017,0.083060797,339.1257307,17.85407531,FALSE,0.457461017,new
1989,4,966.108639,516.2463466,0.534356413,0.076374292,356.1945396,14.22135691,FALSE,0.534356413,new
1989,5,1056.679549,647.1445088,0.612432132,0.085741178,369.626887,12.65983249,FALSE,0.612432132,new
1989,6,603.1202797,384.0608056,0.636789739,0.09308829,375.5537382,15.99876036,FALSE,0.636789739,new
1989,7,16673.71794,11018.52104,0.66083168,0.093393144,379.1358117,15.1201107,FALSE,0.66083168,new
1989,8,2036.097909,1579.70856,0.775850981,0.107975213,398.7966557,15.7000889,FALSE,0.775850981,new
1989,9,277.0584763,228.7190606,0.825526306,0.075726321,408.255526,10.01797416,FALSE,0.825526306,new
1989,10,865.8734544,785.2795794,0.906921878,0.122518988,424.0310267,14.44999508,FALSE,0.906921878,new
1990,1,668.0477978,181.0358616,0.270992378,0.050154031,293.1037792,15.47986323,FALSE,0.270992378,new
1990,2,10057.37164,2963.399409,0.294649489,0.055985701,300.3110158,15.77335356,FALSE,0.294649489,new
1990,3,9736.24368,3890.102519,0.399548599,0.090306112,327.664195,21.33074269,FALSE,0.399548599,new
1990,4,1869.875579,1041.574045,0.55702853,0.101988331,363.6924079,20.26257833,FALSE,0.55702853,new
1990,5,1335.585288,819.2760122,0.613420962,0.092812719,375.5470142,15.16195905,FALSE,0.613420962,new
1990,6,1141.77289,728.4213999,0.637973985,0.085149241,379.7612985,14.05033725,FALSE,0.637973985,new
1990,7,790.2144387,535.2012151,0.677286049,0.063024774,388.826264,10.38235995,FALSE,0.677286049,new
1990,8,17873.55201,11945.41952,0.668329357,0.09387417,385.8825753,13.23745449,FALSE,0.668329357,new
1990,9,1096.991332,790.4914011,0.720599496,0.111993129,396.5158951,15.83302007,FALSE,0.720599496,new
1990,10,173.164217,152.0218589,0.877905733,0.158423967,417.253287,19.45534139,FALSE,0.877905733,new
1991,1,2095.408272,481.2678461,0.229677363,0.048137101,280.826172,15.79091279,FALSE,0.229677363,new
1991,2,8071.950255,2637.759215,0.326780906,0.041084362,312.838158,11.89450921,FALSE,0.326780906,new
1991,3,16474.4459,6383.551922,0.387482041,0.049679746,329.6572766,12.4086271,FALSE,0.387482041,new
1991,4,8833.2002,4146.033634,0.469369372,0.061465278,349.4789842,13.37996638,FALSE,0.469369372,new
1991,5,1124.458066,653.9138165,0.581536863,0.071848968,373.3087364,11.75194679,FALSE,0.581536863,new
1991,6,1058.58039,657.8396306,0.621435686,0.066800753,381.2219265,10.9704875,FALSE,0.621435686,new
1991,7,1289.143926,819.2136254,0.635471035,0.082352513,383.0897598,12.67732697,FALSE,0.635471035,new
1991,8,1006.178249,713.3756241,0.708995275,0.084985899,394.0917464,12.05884293,FALSE,0.708995275,new
1991,9,12391.93239,8592.599286,0.693402692,0.105555918,392.7861867,14.7175316,FALSE,0.693402692,new
1991,10,476.5955923,425.4567287,0.892699671,0.385701739,419.0472446,46.56120762,FALSE,0.892699671,new
1992,1,4772.747862,776.5526248,0.162705562,0.023946632,255.26422,11.40419488,FALSE,0.162705562,new
1992,2,9503.245476,2626.933619,0.276424894,0.046201914,298.7446472,15.48871554,FALSE,0.276424894,new
1992,3,5504.583484,2163.661254,0.39306539,0.048401237,332.0519703,12.38976364,FALSE,0.39306539,new
1992,4,16736.37884,7470.956141,0.446390238,0.048389741,344.9023201,10.73640264,FALSE,0.446390238,new
1992,5,9205.092327,4685.599367,0.509022528,0.054301546,358.7746837,11.15693248,FALSE,0.509022528,new
1992,6,1356.709024,787.3960488,0.580372088,0.072227662,372.3710503,13.68032946,FALSE,0.580372088,new
1992,7,552.3153755,337.225644,0.610567185,0.057443716,379.1853752,10.87128515,FALSE,0.610567185,new
1992,8,978.257446,676.7284903,0.691769322,0.063927597,393.0493818,10.03057933,FALSE,0.691769322,new
1992,9,655.3463856,447.2305402,0.682433824,0.078351593,391.5800949,12.64178753,FALSE,0.682433824,new
1992,10,9294.059103,6588.013365,0.708841346,0.08826913,395.5403399,13.68608789,FALSE,0.708841346,new
1993,1,70.38333355,12.19954448,0.173330018,0.019595532,258.7349045,8.857116097,FALSE,0.173330018,new
1993,2,2088.265135,605.683061,0.290041265,0.034368851,302.737324,10.80992393,FALSE,0.290041265,new
1993,3,6432.228846,2405.233488,0.373934688,0.051882037,326.2926073,12.97948806,FALSE,0.373934688,new
1993,4,5499.056639,2515.856758,0.457506973,0.048825308,346.6947016,10.82569527,FALSE,0.457506973,new
1993,5,18945.78019,9160.939834,0.483534578,0.049828861,352.491551,10.19409931,FALSE,0.483534578,new
1993,6,9796.780742,5291.011979,0.540076594,0.071284521,364.1307702,13.09980648,FALSE,0.540076594,new
1993,7,1817.711292,1086.117561,0.597519291,0.069650277,375.4536512,12.43510853,FALSE,0.597519291,new
1993,8,714.2200679,463.1179238,0.648424687,0.083647486,384.3448589,14.59690051,FALSE,0.648424687,new
1993,9,681.3486133,469.9814244,0.689781142,0.09882765,392.2650195,15.68538285,FALSE,0.689781142,new
1993,10,6795.989198,4837.834279,0.711866093,0.086824896,395.3486117,13.52348422,FALSE,0.711866093,new
1994,1,2311.258259,552.5430107,0.239065889,0.038656254,284.4322389,14.20574454,FALSE,0.239065889,new
1994,2,1314.610846,454.1218113,0.345442009,0.090828416,317.3068888,21.25841012,FALSE,0.345442009,new
1994,3,9949.44788,3710.592709,0.372944585,0.053181455,325.6620476,13.09533688,FALSE,0.372944585,new
1994,4,9355.42642,4259.940457,0.455344339,0.050871602,345.7391185,10.99575375,FALSE,0.455344339,new
1994,5,2683.491755,1435.310751,0.534866838,0.063570257,361.6613061,11.51412615,FALSE,0.534866838,new
1994,6,11968.67711,6302.962443,0.526621479,0.065405686,361.0142954,11.77020357,FALSE,0.526621479,new
1994,7,3754.246586,2196.073142,0.584957086,0.06995037,371.5364344,11.91965363,FALSE,0.584957086,new
1994,8,550.4373873,348.7644917,0.633613377,0.100506274,381.5357659,15.99842669,FALSE,0.633613377,new
1994,9,338.0214051,234.5092697,0.693770472,0.087438812,390.2405142,13.18495575,FALSE,0.693770472,new
1994,10,1522.737369,1101.372596,0.723284671,0.097419725,395.3738872,13.60311483,FALSE,0.723284671,new
1995,1,8310.189776,1644.037372,0.197833914,0.045051393,265.9112158,17.78442582,FALSE,0.197833914,new
1995,2,7697.204015,2584.61763,0.335786556,0.064650646,310.2068543,18.31053626,FALSE,0.335786556,new
1995,3,1089.416099,490.5411622,0.450278973,0.061224857,340.4957003,13.62951389,FALSE,0.450278973,new
1995,4,8018.338811,3812.925262,0.475525586,0.061348572,345.7531251,11.86454088,FALSE,0.475525586,new
1995,5,5813.853487,2994.745755,0.51510513,0.068016245,354.1461523,12.4163245,FALSE,0.51510513,new
1995,6,1607.001397,956.9389036,0.595481065,0.068978371,370.0824446,11.41759918,FALSE,0.595481065,new
1995,7,5626.79982,3387.555652,0.602039482,0.072219256,371.1813537,11.60637355,FALSE,0.602039482,new
1995,8,1980.665325,1280.944247,0.646724225,0.08644906,377.9885911,12.76261789,FALSE,0.646724225,new
1995,9,254.904126,184.3313866,0.723140067,0.134682347,387.8062318,17.10422923,FALSE,0.723140067,new
1995,10,443.1795438,351.5018258,0.793136395,0.089768894,402.1708986,11.2505827,FALSE,0.793136395,new
1996,1,3950.130379,813.6190603,0.20597271,0.053549792,269.3268431,17.81516924,FALSE,0.20597271,new
1996,2,8875.420071,2868.461412,0.323191622,0.063727809,306.8744755,16.20686324,FALSE,0.323191622,new
1996,3,8578.106509,3817.926492,0.445078,0.073198807,336.379369,15.55522296,FALSE,0.445078,new
1996,4,1026.591088,550.2366856,0.53598428,0.071344685,355.3668364,12.75844529,FALSE,0.53598428,new
1996,5,5771.983537,3203.784887,0.55505787,0.075553168,360.7752107,12.38112847,FALSE,0.55505787,new
1996,6,6352.113514,3815.305446,0.60063559,0.082010363,368.4138196,12.52136273,FALSE,0.60063559,new
1996,7,1234.313294,795.4851656,0.644475895,0.086048023,377.6539853,11.96333974,FALSE,0.644475895,new
1996,8,5106.165245,3405.766889,0.666991123,0.094815039,380.6619123,13.54261328,FALSE,0.666991123,new
1996,9,1140.367977,816.0639556,0.715614584,0.08713611,388.6407131,10.36216923,FALSE,0.715614584,new
1996,10,336.7703316,271.2170696,0.805347277,0.117315315,400.6941322,13.16285201,FALSE,0.805347277,new
1997,1,8943.157181,1955.284682,0.218634722,0.036703197,272.8743814,13.68093198,FALSE,0.218634722,new
1997,2,13842.88217,4854.80914,0.350707972,0.062099443,311.5703494,16.12187113,FALSE,0.350707972,new
1997,3,9997.416338,4470.866705,0.447202212,0.062808941,335.941345,12.39906928,FALSE,0.447202212,new
1997,4,4822.035581,2530.026828,0.524680249,0.078793124,353.7462985,14.79021238,FALSE,0.524680249,new
1997,5,773.1187566,458.7613177,0.59339049,0.064047362,368.1292508,11.81443086,FALSE,0.59339049,new
1997,6,3583.123718,2116.574332,0.590706461,0.087928935,369.5949308,13.73006435,FALSE,0.590706461,new
1997,7,2895.596244,1862.62682,0.643261927,0.095270551,378.5319058,13.52166843,FALSE,0.643261927,new
1997,8,660.2304313,490.7271274,0.743266448,0.111391869,391.2495308,15.66268534,FALSE,0.743266448,new
1997,9,3285.469547,2312.266111,0.703785586,0.105393252,389.514956,12.08594742,FALSE,0.703785586,new
1997,10,481.4188981,358.119793,0.743883953,0.125296854,393.9504027,14.87116817,FALSE,0.743883953,new
1998,1,2308.711063,357.0184639,0.154639734,0.051590317,248.2615618,23.28592508,FALSE,0.154639734,new
1998,2,22532.39278,5495.432856,0.243890336,0.058359319,286.4536638,17.98121278,FALSE,0.243890336,new
1998,3,10384.33991,4133.636205,0.398064416,0.057605691,330.6270786,13.21728313,FALSE,0.398064416,new
1998,4,8601.978339,4347.323322,0.505386453,0.05685207,355.7654727,11.33078353,FALSE,0.505386453,new
1998,5,3292.970713,1873.68343,0.568994866,0.064128058,367.8299029,12.13622945,FALSE,0.568994866,new
1998,6,267.8449295,166.0637685,0.619999672,0.082380917,378.2313032,14.14776303,FALSE,0.619999672,new
1998,7,1602.987688,1054.421918,0.657785413,0.074575668,384.4419802,12.04644554,FALSE,0.657785413,new
1998,8,1271.610572,840.3230943,0.660833681,0.08190243,384.8835347,14.05441743,FALSE,0.660833681,new
1998,9,245.9419676,174.5733317,0.709815138,0.06414423,393.7201195,10.01628493,FALSE,0.709815138,new
1998,10,1040.641156,743.0374166,0.714018865,0.076749068,395.8800766,12.25146415,FALSE,0.714018865,new
1999,1,2116.720239,401.2344479,0.189554784,0.045241381,263.1435269,17.60474215,FALSE,0.189554784,new
1999,2,7213.058249,2002.925781,0.277680522,0.065526763,294.0574699,18.08311311,FALSE,0.277680522,new
1999,3,15842.60665,6468.663697,0.408308042,0.072032086,328.9110685,14.50714535,FALSE,0.408308042,new
1999,4,7631.407422,3649.171964,0.478178108,0.067818147,346.9550945,11.83834291,FALSE,0.478178108,new
1999,5,3981.859,2177.260779,0.546795047,0.072370758,362.4874229,11.95231632,FALSE,0.546795047,new
1999,6,1396.545446,840.9928207,0.602195097,0.083134869,373.3465112,12.45284887,FALSE,0.602195097,new
1999,7,231.449927,154.2878785,0.666614505,0.08129831,384.6833163,10.37674666,FALSE,0.666614505,new
1999,8,529.3020435,352.174967,0.665357278,0.086751189,385.6331945,12.88801562,FALSE,0.665357278,new
1999,9,495.6589511,350.7379717,0.707619566,0.095838623,390.3907033,12.33413497,FALSE,0.707619566,new
1999,10,197.4136091,140.5486122,0.711949965,0.103426986,391.7391903,13.57934254,FALSE,0.711949965,new
2000,1,34933.63545,6245.515103,0.178782283,0.05703989,254.7396043,23.59723255,FALSE,0.178782283,new
2000,2,6037.918149,1775.112959,0.293994207,0.067169157,297.5965763,20.67700139,FALSE,0.293994207,new
2000,3,4676.598889,1751.768943,0.374581824,0.058493048,321.9563508,13.75736905,FALSE,0.374581824,new
2000,4,7603.902977,3537.307729,0.465196326,0.058156276,346.8395249,11.78734529,FALSE,0.465196326,new
2000,5,2544.737663,1404.720082,0.552009782,0.072427423,365.0564012,12.35632807,FALSE,0.552009782,new
2000,6,1498.504247,905.650054,0.604369361,0.071942021,375.4995226,12.43400313,FALSE,0.604369361,new
2000,7,268.3225556,175.2523911,0.653140734,0.069802866,385.3774015,10.22796438,FALSE,0.653140734,new
2000,8,51.91815157,37.70906667,0.726317589,0.044721561,398.7939302,7.154577336,FALSE,0.726317589,new
2000,9,197.3515226,140.6462464,0.712668666,0.092100036,394.5854847,13.62975199,FALSE,0.712668666,new
2000,10,149.986637,105.4094102,0.702792011,0.097687224,392.8271664,16.02042345,FALSE,0.702792011,new
2001,1,5084.341627,769.0933886,0.151267056,0.04349425,245.5616789,18.55462392,FALSE,0.151267056,new
2001,2,45546.3363,13268.1444,0.291310904,0.05211615,295.3863389,14.93610826,FALSE,0.291310904,new
2001,3,9928.745288,4201.34337,0.423149476,0.070119056,327.9031266,15.00353342,FALSE,0.423149476,new
2001,4,3823.234896,1857.79491,0.485922252,0.069867265,343.4656603,13.36024118,FALSE,0.485922252,new
2001,5,4717.153543,2682.91559,0.568757316,0.079204649,362.0590144,12.10481822,FALSE,0.568757316,new
2001,6,1139.917892,727.8613938,0.638520896,0.085714577,375.875885,10.9671917,FALSE,0.638520896,new
2001,7,872.3681827,598.5455944,0.686115801,0.099835731,384.0995392,13.60143369,FALSE,0.686115801,new
2001,8,154.4675264,112.6122809,0.729035309,0.135632783,386.2814165,18.1674301,FALSE,0.729035309,new
2001,9,45.91941316,38.65287621,0.841754577,0.14932382,403.8168417,11.20505265,FALSE,0.841754577,new
2001,10,85.36306324,66.10611027,0.774411177,0.069594691,396.2822637,9.099992827,FALSE,0.774411177,new
2002,1,3256.984399,547.8451161,0.168206245,0.044462637,252.3203519,16.67001116,FALSE,0.168206245,new
2002,2,6208.286771,1720.524599,0.277133558,0.046819956,293.1376143,14.19153366,FALSE,0.277133558,new
2002,3,71875.24815,27217.26879,0.378673737,0.051092519,320.4869956,12.12339081,FALSE,0.378673737,new
2002,4,6276.932784,2829.594931,0.450792613,0.072916856,338.8446389,16.54390289,FALSE,0.450792613,new
2002,5,1869.423218,967.0108003,0.517277624,0.07388959,353.2318977,14.89289425,FALSE,0.517277624,new
2002,6,1652.286328,999.0924761,0.604672725,0.084632377,372.2109883,14.11701063,FALSE,0.604672725,new
2002,7,309.3735226,196.2077956,0.634210045,0.08201805,379.2790117,14.44716323,FALSE,0.634210045,new
2002,8,146.7472482,99.97236755,0.681255484,0.089353043,389.5461465,12.0066978,FALSE,0.681255484,new
2002,9,15.49507495,10.71933286,0.691789675,0.083636366,392.5658314,10.15037651,FALSE,0.691789675,new
2002,10,24.67940463,18.04589584,0.731212771,0.088977092,398.9462482,9.959630604,FALSE,0.731212771,new
2003,1,3487.895216,762.098691,0.218498161,0.052286947,269.7486633,17.62055706,FALSE,0.218498161,new
2003,2,6494.511615,2017.1323,0.310590298,0.052326878,300.2871889,13.21377624,FALSE,0.310590298,new
2003,3,7140.992689,2691.583418,0.376920063,0.06555738,317.9168121,14.33438999,FALSE,0.376920063,new
2003,4,73199.43764,34226.47628,0.467578405,0.068693758,338.4543021,13.20593901,FALSE,0.467578405,new
2003,5,6926.988345,3681.716681,0.53150323,0.07275704,350.9429621,13.56809848,FALSE,0.53150323,new
2003,6,895.1355733,552.3593277,0.617067787,0.081474527,367.9424964,11.75225638,FALSE,0.617067787,new
2003,7,742.8370352,503.8613141,0.678293206,0.122765517,377.4537,19.59842849,FALSE,0.678293206,new
2003,8,49.48374637,35.06567738,0.708630206,0.09296757,387.6722984,9.408443505,FALSE,0.708630206,new
2003,9,2.267466293,1.92190169,0.847598792,0.000944102,400.0000963,0.06102147,FALSE,0.847598792,new
2003,10,0,0,NA,NA,NA,NA,TRUE,0.706008526,new
2004,1,43885.61125,8852.32115,0.201713521,0.050033563,266.4543407,20.69443225,FALSE,0.201713521,new
2004,2,28440.55948,8214.544503,0.288832029,0.072429879,295.9737906,21.61231044,FALSE,0.288832029,new
2004,3,7048.773283,2750.412415,0.390197316,0.053304739,324.453584,12.54792574,FALSE,0.390197316,new
2004,4,5616.632309,2690.955965,0.479104883,0.073132046,343.9090369,13.72524929,FALSE,0.479104883,new
2004,5,54033.46426,29248.93718,0.541311529,0.074009779,356.0878932,12.62248281,FALSE,0.541311529,new
2004,6,2144.298532,1260.351957,0.587768885,0.086342486,365.6508425,13.50033018,FALSE,0.587768885,new
2004,7,804.6461383,527.2238866,0.655224529,0.082027678,375.6741443,12.26377921,FALSE,0.655224529,new
2004,8,420.6047801,325.2415334,0.77327113,0.087149496,393.3869941,10.38494471,FALSE,0.77327113,new
2004,9,6.757489667,4.797647904,0.709974878,0.076385918,394.6951067,11.81807473,FALSE,0.709974878,new
2004,10,0,0,NA,NA,NA,NA,TRUE,0.68080428,new
2005,1,15975.1464,1730.871742,0.108347786,0.050522455,225.6813075,23.57255384,FALSE,0.108347786,new
2005,2,53981.91125,15558.00303,0.28820771,0.073455893,296.378567,20.27527414,FALSE,0.28820771,new
2005,3,30633.21129,11222.24656,0.366342479,0.065874868,318.236822,16.62842483,FALSE,0.366342479,new
2005,4,5587.700916,2527.039274,0.452250275,0.065246919,338.8622735,13.68700369,FALSE,0.452250275,new
2005,5,4103.237195,2115.777616,0.515636195,0.072726971,351.7479998,13.76195485,FALSE,0.515636195,new
2005,6,34125.64989,20341.27763,0.596070044,0.084492927,367.297832,14.9167434,FALSE,0.596070044,new
2005,7,1549.704152,978.0646171,0.631129894,0.085415939,373.2222853,14.48078468,FALSE,0.631129894,new
2005,8,290.5887485,195.3543756,0.672270956,0.045721886,380.9175866,6.091333191,FALSE,0.672270956,new
2005,9,106.2950152,77.64745579,0.730490096,0.044432653,389.3574505,5.050232135,FALSE,0.730490096,new
2005,10,26.49101675,17.36751152,0.655600035,0.044256635,381.7888788,7.170755213,FALSE,0.655600035,new
2006,1,44177.734,9728.568684,0.220214298,0.040768736,271.6331131,15.01355904,FALSE,0.220214298,new
2006,2,15489.8673,4902.141162,0.316474058,0.072551924,300.8811082,19.22982336,FALSE,0.316474058,new
2006,3,45342.5195,18887.52799,0.416552238,0.060235388,326.429649,13.85242071,FALSE,0.416552238,new
2006,4,22877.19807,10817.07157,0.472832011,0.067367171,338.5951637,13.85201176,FALSE,0.472832011,new
2006,5,3229.476077,1709.996798,0.52949666,0.065686379,350.4105628,12.33823366,FALSE,0.52949666,new
2006,6,1632.873518,893.2939706,0.547068686,0.071392511,355.642017,12.82709022,FALSE,0.547068686,new
2006,7,9884.134557,6339.59266,0.641390768,0.088319067,371.6654474,13.62096863,FALSE,0.641390768,new
2006,8,274.7621377,194.6026055,0.708258449,0.121509441,383.5379778,14.34171655,FALSE,0.708258449,new
2006,9,20.32001439,12.89073869,0.634386297,0.082705509,376.7763724,15.13333463,FALSE,0.634386297,new
2006,10,8.17E-05,5.18E-05,0.633463352,NA,375,NA,FALSE,0.633463352,new
2007,1,2232.134606,461.3509033,0.206685969,0.057225166,264.7244523,22.76362368,FALSE,0.206685969,new
2007,2,32887.98469,10474.32278,0.318484786,0.054521009,300.7219332,13.60648905,FALSE,0.318484786,new
2007,3,22433.63803,9725.164394,0.433508127,0.079877169,327.4988408,15.42472518,FALSE,0.433508127,new
2007,4,45128.15418,22637.3193,0.501622983,0.083778143,341.1651877,14.45507017,FALSE,0.501622983,new
2007,5,9468.913421,5553.689814,0.586518174,0.087041366,356.5059016,12.89442479,FALSE,0.586518174,new
2007,6,1418.217327,868.7818636,0.612587258,0.108847638,359.9651142,17.43983675,FALSE,0.612587258,new
2007,7,949.185603,641.5536734,0.675899077,0.115474424,370.8154468,15.61429303,FALSE,0.675899077,new
2007,8,3969.635721,2832.729257,0.713599296,0.094853248,377.2113778,11.85077328,FALSE,0.713599296,new
2007,9,22.34111638,16.90538349,0.756693766,0.047418502,385.0223398,0.683527114,FALSE,0.756693766,new
2007,10,4.651187427,3.224310007,0.69322298,0.013199962,390.1826498,1.856776982,FALSE,0.69322298,new
2008,1,21028.34635,3477.904918,0.16539127,0.057669508,248.8194673,25.57943627,FALSE,0.16539127,new
2008,2,7033.932958,2127.557834,0.302470588,0.064186482,300.026661,18.57522935,FALSE,0.302470588,new
2008,3,28852.2841,12209.58255,0.423175597,0.063379672,331.75031,15.16356808,FALSE,0.423175597,new
2008,4,7699.330791,3884.827783,0.504566941,0.06683893,349.5298139,13.14295634,FALSE,0.504566941,new
2008,5,11794.15905,6311.256937,0.535117163,0.06619717,355.8668473,12.29175038,FALSE,0.535117163,new
2008,6,1101.71155,675.8867945,0.613487981,0.075460261,370.5481919,12.023933,FALSE,0.613487981,new
2008,7,302.7330011,206.551597,0.682289662,0.07615757,381.6984372,12.29942225,FALSE,0.682289662,new
2008,8,130.0319803,75.92016389,0.58385763,0.126916893,364.6265033,24.65427153,FALSE,0.58385763,new
2008,9,681.4430392,481.1740304,0.70611042,0.102908882,385.9057394,15.49385522,FALSE,0.70611042,new
2008,10,2.255851196,1.730500579,0.767116458,0.060376775,401.0276517,5.078597688,FALSE,0.767116458,new
2009,1,52872.30759,10781.93887,0.203924121,0.038256048,267.5856593,16.08301329,FALSE,0.203924121,new
2009,2,26611.85158,8455.085045,0.317718781,0.059515455,303.673321,16.40363394,FALSE,0.317718781,new
2009,3,7421.283926,3102.148054,0.418006922,0.057879574,328.8557911,13.01011888,FALSE,0.418006922,new
2009,4,25229.81312,12341.86036,0.489177637,0.064923817,344.6193965,12.7130223,FALSE,0.489177637,new
2009,5,4801.794829,2773.281996,0.577551123,0.070258334,361.5833324,11.31758515,FALSE,0.577551123,new
2009,6,7001.293492,4138.921248,0.591165226,0.063036201,364.9895693,10.67407715,FALSE,0.591165226,new
2009,7,221.1456976,145.9159045,0.659817966,0.069906345,375.0663349,10.03114417,FALSE,0.659817966,new
2009,8,83.21628414,51.50945202,0.618982842,0.02511114,372.397845,5.029661973,FALSE,0.618982842,new
2009,9,6.110502716,4.793427339,0.784457116,0.087947266,401.4677223,13.84606138,FALSE,0.784457116,new
2009,10,509.3167072,408.7396904,0.802525589,0.084162313,394.3859746,10.34427853,FALSE,0.802525589,new
2010,1,8928.12284,756.2231638,0.08470125,0.057278127,202.3566927,27.69132154,FALSE,0.08470125,new
2010,2,34960.22587,12468.64203,0.356652216,0.048250395,311.0927732,12.99310219,FALSE,0.356652216,new
2010,3,29990.86704,13043.87188,0.434928135,0.051099749,330.0815779,11.39283019,FALSE,0.434928135,new
2010,4,4794.172124,2395.087669,0.499583162,0.066447369,344.0075434,13.4844372,FALSE,0.499583162,new
2010,5,12721.74664,7178.761911,0.56429059,0.064947851,357.2039442,11.59015777,FALSE,0.56429059,new
2010,6,1542.828627,995.6559155,0.645344465,0.075124148,371.4226579,11.99800039,FALSE,0.645344465,new
2010,7,2312.483788,1506.10626,0.651293759,0.074485966,372.953527,11.51445415,FALSE,0.651293759,new
2010,8,98.23834169,62.40176276,0.635207819,0.097826534,370.7607476,15.0262237,FALSE,0.635207819,new
2010,9,1.256470422,1.047776613,0.833904718,0.012852737,394.9802448,0.995810288,FALSE,0.833904718,new
2010,10,60.06145005,42.32145349,0.704635893,0.044710527,381.3558735,6.382315177,FALSE,0.704635893,new
2011,1,6495.176907,1169.541381,0.180063053,0.035585565,259.3162913,13.73331366,FALSE,0.180063053,new
2011,2,2721.383077,776.4987842,0.285332407,0.067441454,293.9279749,19.66308631,FALSE,0.285332407,new
2011,3,13411.22566,5521.92351,0.411738916,0.048302589,330.7541719,12.74087538,FALSE,0.411738916,new
2011,4,4862.882074,2298.576648,0.472677851,0.052704626,345.0371097,12.31738799,FALSE,0.472677851,new
2011,5,440.19809,242.9329604,0.551871909,0.057115112,361.4497845,12.19651949,FALSE,0.551871909,new
2011,6,2011.111129,1138.098436,0.565905295,0.066966003,364.2767211,12.2796333,FALSE,0.565905295,new
2011,7,187.7930087,128.3867275,0.683660847,0.050844482,385.7554825,8.605428257,FALSE,0.683660847,new
2011,8,290.9156144,183.908993,0.632172987,0.075194089,376.5184054,12.10921252,FALSE,0.632172987,new
2011,9,19.05987383,12.87847669,0.675685306,0.006621083,385.0861956,1.040841521,FALSE,0.675685306,new
2011,10,16.80511272,11.87220715,0.706464,0.007894852,390.0371294,1.620876425,FALSE,0.706464,new
2012,1,475.3219206,104.444803,0.219734875,0.064842503,273.7389332,22.35058783,FALSE,0.219734875,new
2012,2,12219.46766,4131.112537,0.33807631,0.073413874,311.0451768,20.39694032,FALSE,0.33807631,new
2012,3,2078.613816,842.952985,0.405536121,0.068134385,329.5760385,17.55997126,FALSE,0.405536121,new
2012,4,2988.024993,1481.870684,0.495936509,0.073531142,349.5775176,15.01620225,FALSE,0.495936509,new
2012,5,265.7901761,146.8129937,0.552364259,0.084206842,360.2259582,15.98028866,FALSE,0.552364259,new
2012,6,26.2296869,16.75338459,0.638718436,0.072515276,380.1117353,14.44592051,FALSE,0.638718436,new
2012,7,54.7878612,42.09863952,0.768393556,0.132499296,391.9913529,15.90485969,FALSE,0.768393556,new
2012,8,4.204009947,2.725348929,0.648273663,0.050136923,380.1903305,8.819257323,FALSE,0.648273663,new
2012,9,1.612618254,1.045605124,0.648389736,0.014194426,380.3439477,2.32614559,FALSE,0.648389736,new
2012,10,0.115917044,0.082023396,0.707604279,NA,390.2846061,NA,FALSE,0.707604279,new
2013,1,850.1394366,149.9887456,0.176428406,0.040153234,261.4439223,14.70703626,FALSE,0.176428406,new
2013,2,6044.49058,1735.286027,0.287085571,0.0697463,299.4174877,20.33931967,FALSE,0.287085571,new
2013,3,12723.20214,5389.536556,0.423599067,0.072612274,336.0959454,17.5533214,FALSE,0.423599067,new
2013,4,602.3172415,283.1803658,0.470151519,0.065260985,346.9792063,14.51419359,FALSE,0.470151519,new
2013,5,1653.841454,902.1430495,0.545483394,0.08252776,362.8718516,14.18013777,FALSE,0.545483394,new
2013,6,100.5708572,56.41743723,0.560972023,0.075266845,366.8482151,13.50667528,FALSE,0.560972023,new
2013,7,0.103534154,0.06634998,0.640851136,NA,385,NA,FALSE,0.640851136,new
2013,8,5.022941337,3.115600996,0.620274215,0.041429416,376.3461352,4.790483408,FALSE,0.620274215,new
2013,9,0,0,NA,NA,NA,NA,TRUE,0.663207934,new
2013,10,0,0,NA,NA,NA,NA,TRUE,0.707604279,new
2014,1,1277.796408,240.3360079,0.188086307,0.050241105,265.9002973,19.12624051,FALSE,0.188086307,new
2014,2,3464.645101,1207.252204,0.348449024,0.094114537,314.8881971,23.18464249,FALSE,0.348449024,new
2014,3,7058.372345,3014.560461,0.427090031,0.08959527,333.7324893,20.17586275,FALSE,0.427090031,new
2014,4,4072.017962,2071.752453,0.508777828,0.085440445,351.2961512,17.09429376,FALSE,0.508777828,new
2014,5,83.11186741,48.35237182,0.581774581,0.100222156,365.8273089,18.49180969,FALSE,0.581774581,new
2014,6,63.275279,43.75051641,0.691431426,0.099717684,385.0823995,14.37289333,FALSE,0.691431426,new
2014,7,0.629402324,0.466742437,0.741564527,NA,403.2680791,NA,FALSE,0.741564527,new
2014,8,0.756463002,0.507841557,0.67133694,NA,390.1335701,NA,FALSE,0.67133694,new
2014,9,0,0,NA,NA,NA,NA,TRUE,0.678026133,new
2014,10,0,0,NA,NA,NA,NA,TRUE,0.707604279,new
2015,1,3699.112177,644.6181493,0.174262936,0.034334469,262.6057234,14.46374538,FALSE,0.174262936,new
2015,2,4073.903977,1153.342269,0.283104922,0.083730426,298.4961269,27.46163218,FALSE,0.283104922,new
2015,3,1996.825361,821.0979968,0.411201707,0.094994123,331.2531595,20.00553211,FALSE,0.411201707,new
2015,4,2114.753657,1011.970663,0.478528863,0.096453362,344.9231409,19.61254573,FALSE,0.478528863,new
2015,5,952.1682183,547.6374064,0.575147748,0.087015716,362.9666976,14.25758129,FALSE,0.575147748,new
2015,6,124.4437815,77.51726809,0.622909937,0.101422159,369.8180872,15.51162483,FALSE,0.622909937,new
2015,7,13.32967114,7.872522279,0.590601388,0.094342912,366.0464091,14.83587515,FALSE,0.590601388,new
2015,8,3.502661754,1.707484744,0.487482053,0.004372671,349.9887138,1.124049683,FALSE,0.487482053,new
2015,9,0,0,NA,NA,NA,NA,TRUE,0.692844331,new
2015,10,0,0,NA,NA,NA,NA,TRUE,0.707604279,new
2016,1,7802.957159,1145.468179,0.14679924,0.038058709,250.9629577,20.38922562,FALSE,0.14679924,new
2016,2,7457.308599,2061.993921,0.276506449,0.074934246,299.3735967,24.82991579,FALSE,0.276506449,new
2016,3,4990.106158,2031.316243,0.407068743,0.084227979,334.8445301,20.45105967,FALSE,0.407068743,new
2016,4,2740.43522,1325.21692,0.483578999,0.082257612,351.8298779,17.34898531,FALSE,0.483578999,new
2016,5,1930.310272,1030.576835,0.533891805,0.074139655,362.0184893,14.17732096,FALSE,0.533891805,new
2016,6,756.6444015,426.1582546,0.563221315,0.074754784,367.5123516,13.13321395,FALSE,0.563221315,new
2016,7,30.44018215,18.18152997,0.597287161,0.108187028,372.7749102,18.84482515,FALSE,0.597287161,new
2016,8,0.550433318,0.414360626,0.752789871,NA,400.0628506,NA,FALSE,0.752789871,new
2016,9,0,0,NA,NA,NA,NA,TRUE,0.707662529,new
2016,10,0,0,NA,NA,NA,NA,TRUE,0.707604279,new
2017,1,67.98786873,11.0668951,0.162777497,0.04135222,258.813904,17.63083488,FALSE,0.162777497,new
2017,2,17349.2001,3668.342892,0.211441615,0.052476413,275.8895915,19.65518892,FALSE,0.211441615,new
2017,3,9914.430693,3315.290474,0.334390403,0.062729717,315.6551751,18.17922478,FALSE,0.334390403,new
2017,4,3151.995793,1333.984847,0.423219108,0.077192705,338.292757,19.11227095,FALSE,0.423219108,new
2017,5,1456.711337,738.0694126,0.50666827,0.064862217,358.1767843,13.63605262,FALSE,0.50666827,new
2017,6,1021.574341,543.6286245,0.532147884,0.067930121,363.841232,14.12631644,FALSE,0.532147884,new
2017,7,248.3804561,141.6196024,0.570172084,0.090381767,370.7174278,19.5853504,FALSE,0.570172084,new
2017,8,0,0,NA,NA,NA,NA,TRUE,0.695610416,new
2017,9,0,0,NA,NA,NA,NA,TRUE,0.722480727,new
2017,10,0,0,NA,NA,NA,NA,TRUE,0.707604279,new
2018,1,271.7666179,33.64617298,0.123805393,0.033236521,234.7543786,18.7608576,FALSE,0.123805393,new
2018,2,895.2227197,156.8136472,0.175167189,0.093643207,251.8169033,46.47414689,FALSE,0.175167189,new
2018,3,23827.84538,7846.953346,0.329318628,0.065780126,312.3592692,18.43380795,FALSE,0.329318628,new
2018,4,5347.756543,2156.755878,0.403301059,0.070889616,331.0415874,16.86331013,FALSE,0.403301059,new
2018,5,962.1880138,500.4313859,0.520097298,0.068476032,357.015613,13.72595287,FALSE,0.520097298,new
2018,6,204.9488381,109.7521629,0.535510051,0.075179051,360.8001328,15.51009139,FALSE,0.535510051,new
2018,7,110.3118568,70.03587755,0.634889844,0.057489918,380.0217286,10.32479505,FALSE,0.634889844,new
2018,8,10.51884944,6.715559168,0.638430962,0.036362416,380.6182683,6.461340133,FALSE,0.638430962,new
2018,9,0,0,NA,NA,NA,NA,TRUE,0.737298925,new
2018,10,0,0,NA,NA,NA,NA,TRUE,0.707604279,new
2019,1,42.32674007,5.331217561,0.12595389,0.023752271,234.8184609,13.66526407,FALSE,0.12595389,new
2019,2,5354.18604,1492.561649,0.278765369,0.044135995,298.3834512,14.95374389,FALSE,0.278765369,new
2019,3,7401.617655,2511.245292,0.339283304,0.037899144,316.9272728,10.60154885,FALSE,0.339283304,new
2019,4,9596.125309,3565.678926,0.371574861,0.061485068,323.9582232,15.62722988,FALSE,0.371574861,new
2019,5,1698.684278,850.0744741,0.500431119,0.070616084,352.5911629,15.00728354,FALSE,0.500431119,new
2019,6,376.3004129,215.6034693,0.572955708,0.068063423,367.2978824,12.9089153,FALSE,0.572955708,new
2019,7,109.1331059,66.87055357,0.612743063,0.089348116,373.7226602,16.30722231,FALSE,0.612743063,new
2019,8,63.25707553,40.36576237,0.638122487,0.064101016,378.6582126,10.96716966,FALSE,0.638122487,new
2019,9,2.883970654,2.169083714,0.752117124,0.057211081,398.9684549,8.792596864,FALSE,0.752117124,new
2019,10,0,0,NA,NA,NA,NA,TRUE,0.707604279,new
2020,1,258.5824028,37.04918356,0.143278054,0.036200903,239.7370341,18.75342735,FALSE,0.143278054,new
2020,2,1985.831049,607.4370709,0.305885574,0.079720758,300.3016292,24.49775078,FALSE,0.305885574,new
2020,3,7745.958019,2996.1404,0.386800496,0.050666709,323.5041518,13.21499327,FALSE,0.386800496,new
2020,4,3187.108465,1394.762066,0.437626168,0.048689845,335.6519383,11.43015846,FALSE,0.437626168,new
2020,5,5589.312726,2538.609464,0.454189913,0.060885893,339.0943402,13.53593076,FALSE,0.454189913,new
2020,6,561.2394649,303.1622861,0.54016566,0.085192635,356.1360937,16.66435026,FALSE,0.54016566,new
2020,7,75.99640934,46.97833815,0.618165234,0.060247435,371.1339523,9.52464053,FALSE,0.618165234,new
2020,8,6.020227827,3.798034562,0.630878876,0.015847433,372.4007244,2.766211959,FALSE,0.630878876,new
2020,9,3.585205559,2.771194678,0.772952801,0,395,0,FALSE,0.772952801,new
2020,10,0,0,NA,NA,NA,NA,TRUE,0.707604279,new
2021,1,439.8381688,72.65907424,0.165195018,0.045739054,253.9366481,21.695626,FALSE,0.165195018,new
2021,2,3033.578057,817.5126895,0.269487936,0.05456007,294.1497748,17.57184135,FALSE,0.269487936,new
2021,3,2644.552582,978.0929116,0.369851943,0.060687523,321.996604,16.6614895,FALSE,0.369851943,new
2021,4,3725.327046,1637.805853,0.439640824,0.067623443,336.8707821,15.91476744,FALSE,0.439640824,new
2021,5,936.8012224,464.6236557,0.495968242,0.060516809,351.3541039,12.40652656,FALSE,0.495968242,new
2021,6,758.2227246,390.5472293,0.515082464,0.079987428,351.8539675,16.41579239,FALSE,0.515082464,new
2021,7,146.0338197,91.21061032,0.624585528,0.09005795,372.8916378,16.82268063,FALSE,0.624585528,new
2021,8,49.70652884,28.45585098,0.57247713,0.099095485,361.6653641,18.65338986,FALSE,0.57247713,new
2021,9,7.347726198,5.556964844,0.756283603,0.044691479,393.6057625,6.447277188,FALSE,0.756283603,new
2021,10,0,0,NA,NA,NA,NA,TRUE,0.707604279,new
2022,1,40.82426999,5.154761672,0.126267088,0.04380717,235.5786943,22.3556956,FALSE,0.126267088,new.priorlandings
2022,2,115.9192088,25.64503758,0.221231993,0.073556786,277.7155936,26.84903375,FALSE,0.221231993,new.priorlandings
2022,3,58.71348531,20.12629168,0.34278823,0.077862145,317.2946019,21.62131589,FALSE,0.34278823,new.priorlandings
2022,4,15.04761082,6.377636552,0.423830509,0.08209015,338.4096409,19.30442049,FALSE,0.423830509,new.priorlandings
2022,5,19.09399458,9.052158965,0.474084086,0.086837028,350.0435216,18.91428877,FALSE,0.474084086,new.priorlandings
2022,6,8.904122799,5.165295022,0.580101503,0.058907451,372.9336365,11.193192,FALSE,0.580101503,new.priorlandings
2022,7,4.941722923,2.83408008,0.573500401,0.069615183,371.3040505,13.45824749,FALSE,0.573500401,new.priorlandings
2022,8,0.005522392,0.0037766,0.683870375,NA,387.5572567,NA,FALSE,0.683870375,new.priorlandings
2022,9,0.394339725,0.273228615,0.692876212,NA,393.8331959,NA,FALSE,0.692876212,new.priorlandings
2022,10,0,0,NA,NA,NA,NA,TRUE,0.707604279,new.priorlandings
